Glacial.Lake.ID,Latitude,Longitude,Altitude_m,Lake.Area..sq.km.,Ice.Cover....,Temperature_C,Precipitation..mm.year.,Slope_Angle_degrees,Nearby.Glacier..Yes.No.,Seismic.Activity..Yes.No.,Moraine.Dam.Type,Historical.GLO.Events..Yes.No.,Risk.Score
GLO001,31.71460434,79.67199305,4736,2.893799816,17,0.167495091,1050,41,Yes,No,Ice-Cored,Yes,Very High
GLO002,30.493263568398397,80.24794358,4848,3.402450125,45,1.275767046,1238,26,No,No,Ice-Cored,No,Very High
GLO003,29.82761227,78.41053097,4982,4.285833599,30,-2.340395936,1135,44,No,No,Unknown,No,High
GLO004,31.570477,79.43834589,5037,2.761140349,42,-6.916009129,886,32,Yes,Yes,Rock-Cored,No,High
GLO005,29.80933926,79.25472156,4754,1.470610548,16,-8.982011834,1506,36,Yes,No,Ice-Cored,No,Low
GLO006,29.20862537,79.19975297,4826,0.536595624,16,-8.192175754,1327,36,Yes,Yes,Rock-Cored,No,High
GLO007,30.61151984,78.6488886,4707,2.855549185,33,0.742150218,903,40,Yes,No,Ice-Cored,Yes,Medium
GLO008,30.54848464,79.89043317,4804,3.9099208,16,-0.348981169,1170,31,Yes,Yes,Ice-Cored,Yes,High
GLO009,31.98138592,79.94314778,5068,2.358929412,10,-0.413195042,1426,43,No,No,Rock-Cored,No,Low
GLO010,30.39276536,80.22275301,5192,4.940547625,33,2.413770592,957,45,Yes,Yes,Rock-Cored,No,Low
GLO011,29.76109092,80.3412064,5060,1.650971331,17,-4.80326799,808,46,Yes,Yes,Ice-Cored,No,High
GLO012,31.06633959,78.70709406,5057,1.53456912,32,-0.255515557,1124,25,No,Yes,Rock-Cored,Yes,Medium
GLO013,29.3204175,80.64234251,4754,0.527538325,20,-3.081240408,1003,33,Yes,No,Rock-Cored,Yes,Very High
GLO014,29.98194495,78.89111726,4963,0.662149637,48,-3.922277467,904,25,No,Yes,Ice-Cored,Yes,Very High
GLO015,31.23826476,79.90574586,4790,3.907139554,22,4.123099292,1559,34,No,No,Ice-Cored,No,High
GLO016,29.96362164,78.12514437,5154,1.501275298,16,-9.507191142,1410,39,Yes,No,Ice-Cored,No,High
GLO017,30.67952364,78.57221045,5117,3.267956521,14,-1.040522308,1280,45,No,Yes,Ice-Cored,No,Very High
GLO018,29.5341552,79.28458768,5144,4.140339983,12,2.248943364,1435,39,Yes,Yes,Rock-Cored,No,Medium
GLO019,29.78026477,79.71735442,4701,2.310536058,29,-4.153537448,1398,35,Yes,No,Ice-Cored,Yes,Medium
GLO020,31.30907365,80.04215732,4733,4.081730416,21,1.267301235,1086,47,No,Yes,Ice-Cored,Yes,Very High
GLO021,29.69450356,80.73807251,5149,1.669505258,38,3.545788411,1573,46,No,Yes,Rock-Cored,Yes,Medium
GLO022,29.91911795,80.81245821,4809,3.713602926,29,3.346305398,1557,20,No,Yes,Rock-Cored,No,High
GLO023,30.28465737,79.79676557,4876,1.152089191,11,-7.372066083,1073,29,Yes,Yes,Rock-Cored,Yes,Low
GLO024,30.17445164,80.78435187,4934,4.629962971,34,4.708129383,1061,24,Yes,No,Rock-Cored,Yes,Very High
GLO025,30.31546251,78.77475132,5065,0.934941096,16,-4.934995856,1294,22,Yes,No,Ice-Cored,No,Low
GLO026,31.15821216,79.90090256,4705,4.797703925,41,-9.803237311,1360,25,Yes,No,Rock-Cored,Yes,Very High
GLO027,31.30130544,79.35405875,4915,2.754383927,10,4.607793894,1136,27,No,Yes,Rock-Cored,Yes,Low
GLO028,29.94502328,78.02776892,5098,4.4360279,49,-9.895920589,1389,35,No,No,Rock-Cored,Yes,Low
GLO029,29.43025986,78.50862272,4834,1.595020543,21,4.282261937,822,30,No,No,Ice-Cored,No,Very High
GLO030,29.34909202,79.47439942,5008,3.965808623,35,-9.656314354,938,39,Yes,Yes,Rock-Cored,No,Low
GLO031,31.43411062,79.94560356,5119,3.97245667,35,3.75314273,1036,47,Yes,No,Ice-Cored,No,Medium
GLO032,29.69666479,78.99008884,4764,3.538678358,43,-7.371151626,1283,45,Yes,Yes,Rock-Cored,Yes,Low
GLO033,29.09061346,80.55507438,4817,0.97034888,10,1.816169493,1389,38,No,Yes,Rock-Cored,Yes,Very High
GLO034,30.0224899,79.90880126,4959,0.942273633,23,-0.759565163,1510,33,No,No,Rock-Cored,Yes,Low
GLO035,29.94199724,80.71491764,4983,3.958918935,47,3.106630073,1208,24,Yes,Yes,Ice-Cored,No,Low
GLO036,31.03109441,79.50173487,4817,4.395745867,49,-8.348929045,1279,47,Yes,Yes,Ice-Cored,Yes,Very High
GLO037,30.77819922,80.72189135,4939,3.595908915,23,-3.454161934,1318,44,Yes,Yes,Ice-Cored,Yes,Low
GLO038,31.24613689,80.27731623,4856,2.95443602,26,4.597612709,1299,37,Yes,No,Rock-Cored,Yes,Low
GLO039,29.05803133,79.92849179,5175,0.976337632,26,-2.353840744,1429,27,No,No,Ice-Cored,Yes,High
GLO040,31.24614757,78.86582811,4923,1.089267233,36,1.357233329,983,33,Yes,No,Rock-Cored,Yes,High
GLO041,30.11008146,79.84619784,5151,2.626870897,48,-5.074662603,1204,25,Yes,Yes,Ice-Cored,No,Low
GLO042,31.75401834,79.12269607,4834,1.867192634,41,-1.426905245,1128,39,Yes,No,Rock-Cored,Yes,Medium
GLO043,31.55638581,79.66962834,4744,3.831757652,14,4.860083652,1179,22,No,No,Rock-Cored,No,High
GLO044,29.85038445,78.47456318,5158,1.785644189,28,-9.955240189,922,44,No,Yes,Ice-Cored,No,Low
GLO045,30.11595983,80.28022068,4768,1.130006168,46,4.926133956,1438,39,No,No,Rock-Cored,Yes,High
GLO046,31.72174253,78.09123871,5116,4.902302049,48,-0.176933033,1267,36,No,No,Ice-Cored,No,Medium
GLO047,30.07496267,79.52795958,5074,0.781559452,29,1.27977252,1343,42,Yes,No,Rock-Cored,No,Medium
GLO048,31.23538229,79.42989991,4700,4.248794769,34,-0.088870357,1529,32,Yes,No,Rock-Cored,No,Low
GLO049,31.65480074,78.59542984,4815,4.319577257,24,-9.376447357,1134,45,No,No,Rock-Cored,No,Medium
GLO050,29.81378773,79.42059785,5015,2.194262578,20,-3.890888607,1537,21,Yes,Yes,Ice-Cored,No,High
GLO051,30.2107785,79.98799063,4968,2.668250661,21,-3.177423831,1350,27,Yes,Yes,Rock-Cored,No,High
GLO052,29.14583677,78.42427996,4776,0.721443241,40,-4.9920147010000004,1467,29,Yes,Yes,Ice-Cored,No,High
GLO053,29.65352949,80.37806784,4900,0.5261037,13,-9.737239025,1115,20,Yes,Yes,Rock-Cored,Yes,Medium
GLO054,30.17627581,79.35806691,4926,3.618908553,10,-2.026447137,1213,37,No,No,Ice-Cored,Yes,High
GLO055,30.5948694,80.19207092,5004,4.665258086,19,-5.928638689,888,27,No,No,Ice-Cored,Yes,High
GLO056,30.96709291,79.44354099,5090,1.431198202,22,2.994936224,1237,26,No,No,Ice-Cored,No,Low
GLO057,30.71414921,78.99624774,4852,3.420168942,49,-6.279469312,1563,21,Yes,Yes,Ice-Cored,Yes,Medium
GLO058,29.61161269,78.51942199,4981,3.274951984,31,-8.91466575,940,23,Yes,Yes,Rock-Cored,Yes,Low
GLO059,30.0805999,80.96119469,4936,2.307374695,11,-2.632537777,1193,37,No,No,Ice-Cored,No,Very High
GLO060,30.55376401,79.66470567,5042,3.282997669,46,-0.474798502,910,43,Yes,Yes,Ice-Cored,No,High
GLO061,30.10597875,80.47226452,5164,0.596724187,35,-3.056330558,1594,36,No,Yes,Rock-Cored,Yes,Medium
GLO062,31.84832319,78.24296124,5006,1.719321298,37,4.608524655,1419,48,No,Yes,Rock-Cored,No,Very High
GLO063,29.36949749,80.57187708,5016,2.25052661,40,0.305656467,1278,23,Yes,Yes,Ice-Cored,Yes,Medium
GLO064,31.08858006,80.22249587,4746,2.409671664,16,-1.787849757,854,42,Yes,Yes,Ice-Cored,No,High
GLO065,30.41850103,78.18357983,4700,1.163596591,45,-3.812621061,1306,29,Yes,No,Rock-Cored,Yes,Very High
GLO066,30.43922429,79.8235633,4928,2.510462893,28,1.918650081,1046,24,Yes,Yes,Rock-Cored,No,Medium
GLO067,29.71968393,78.74445807,4866,2.143081706,24,1.611822449,1267,47,No,No,Ice-Cored,No,High
GLO068,30.45905942,80.07859849,5141,4.478639213,24,-4.7849420050000004,1452,27,No,Yes,Ice-Cored,Yes,High
GLO069,31.92110066,80.92357187,5177,0.932737117,47,-6.200525563,1226,25,Yes,Yes,Ice-Cored,Yes,High
GLO070,29.47846467,80.37422021,5099,1.825989905,42,3.791397684,802,23,No,No,Rock-Cored,Yes,Low
GLO071,30.09059817,78.4981803,4959,2.127782724,32,-1.851396808,984,34,Yes,Yes,Rock-Cored,No,Low
GLO072,30.29210411,78.6075056,4899,1.555262817,24,0.223149552,962,34,Yes,No,Ice-Cored,No,High
GLO073,30.32517659,79.65396859,5188,4.741357552,35,-6.537971423,1127,43,No,No,Rock-Cored,Yes,High
GLO074,31.13593548,78.12318032,5096,2.460209701,45,-4.448261415,1131,32,Yes,No,Ice-Cored,No,Very High
GLO075,30.06143162,79.7143458,5044,3.675762908,49,-2.211516864,814,38,No,No,Rock-Cored,No,High
GLO076,29.62597051,78.67594936,5112,1.927824678,34,-7.473031722,974,31,No,No,Ice-Cored,Yes,Medium
GLO077,29.71011001,78.56886333,5028,0.803288534,43,-4.864172622,1229,41,No,Yes,Ice-Cored,No,High
GLO078,30.43336096,80.21572613,4754,3.019706272,13,-6.789340608,1520,27,Yes,No,Ice-Cored,Yes,Medium
GLO079,29.47197921,80.16020982,4801,2.07053963,10,-1.305609446,1230,21,No,Yes,Rock-Cored,Yes,Low
GLO080,29.5364312,80.3601008,5003,4.676866956,29,-4.277842084,1467,41,Yes,Yes,Rock-Cored,Yes,Very High
GLO081,31.19649239,79.7043378,4802,1.428432567,25,-0.696141465,1505,32,Yes,Yes,Rock-Cored,Yes,Low
GLO082,30.21647791,79.33887651,5144,0.516108242,37,-4.179283866,1273,36,No,Yes,Ice-Cored,Yes,Very High
GLO083,30.88871284,80.45901369,4788,2.702212098,25,-7.53915541,1386,27,No,No,Ice-Cored,No,High
GLO084,31.94123558,80.61251233,5194,0.848534366,36,-3.137655569,841,23,Yes,Yes,Ice-Cored,No,Medium
GLO085,30.49610797,79.67144482,5198,1.853865679,46,-9.923313409,1237,29,No,No,Ice-Cored,Yes,High
GLO086,29.20185675,79.35832836,5014,1.443626834,33,-1.127535944,1344,35,Yes,No,Ice-Cored,Yes,Very High
GLO087,31.36555066,78.52380881,5014,4.66719643,14,-5.227170785,1508,32,Yes,Yes,Rock-Cored,No,Very High
GLO088,29.99914148,79.5422758,4957,3.110889032,18,-8.449741482,1130,32,No,No,Ice-Cored,Yes,Medium
GLO089,31.98729408,80.44013841,4847,1.535623474,30,-5.553573726,1464,45,No,No,Rock-Cored,No,High
GLO090,30.64404691,80.0325509,4870,1.097636756,46,2.629164652,1007,25,Yes,Yes,Rock-Cored,Yes,Low
GLO091,31.65572576,79.74849608,5197,2.895405152,19,-6.779855527,1573,31,No,No,Rock-Cored,Yes,Low
GLO092,29.80717757,80.95404496,5016,3.419691281,39,-2.002809465,1246,37,No,No,Rock-Cored,Yes,Low
GLO093,29.729391240000002,79.05713084,4837,2.339393855,39,-4.478643365,1557,23,Yes,No,Ice-Cored,Yes,Low
GLO094,30.30382473,79.4864816,5125,2.957182938,34,2.009085362,1305,22,Yes,Yes,Rock-Cored,No,Very High
GLO095,30.53988037,80.12927254,5048,2.7462357,47,-9.505886029,1424,21,Yes,Yes,Rock-Cored,Yes,Low
GLO096,30.91181627,79.02114011,5169,0.527087798,30,0.583501076,893,31,No,Yes,Ice-Cored,Yes,High
GLO097,30.00815641,79.57157326,5173,2.977082369,47,-3.775172309,1439,27,No,No,Rock-Cored,No,Medium
GLO098,29.92278734,79.45671071,5003,3.24617263,19,-3.97173023,1381,44,Yes,Yes,Rock-Cored,No,Very High
GLO099,30.45909501,79.83171635,4938,2.668904382,14,1.686004228,1222,45,No,No,Ice-Cored,Yes,Very High
GLO100,31.16658646,78.73000664,4769,1.302563067,38,1.127574189,833,27,Yes,No,Ice-Cored,No,Medium
GLO101,29.53563503,78.12875845,5058,0.781456702,43,3.702063957,888,41,No,Yes,Rock-Cored,No,Medium
GLO102,30.3571773,80.37192554,5074,0.927329125,43,4.881344338,1094,23,No,Yes,Ice-Cored,No,Medium
GLO103,29.87498498,80.51065086,4887,3.782505273,15,-8.50985955,1537,45,No,No,Rock-Cored,Yes,Medium
GLO104,30.42354378,78.12288463,5176,2.519107732,30,-2.403539201,1580,43,Yes,Yes,Rock-Cored,Yes,Medium
GLO105,29.00499572,80.97748334,4789,4.092128034,39,0.580902678,1295,26,No,No,Rock-Cored,Yes,Medium
GLO106,31.32620188,78.74931008,4820,1.001449969,45,3.192913447,1198,45,No,Yes,Rock-Cored,No,Medium
GLO107,31.99428451,78.41397302,4716,2.077050901,21,-0.777477864,983,36,No,Yes,Ice-Cored,Yes,High
GLO108,29.00420844,79.0878692,4710,3.551377392,29,1.256627353,1290,49,Yes,No,Ice-Cored,No,Medium
GLO109,31.5736593,80.98051792,5119,3.692213668,34,-4.049159156,1469,49,No,No,Rock-Cored,No,Low
GLO110,31.5019066,80.68089926,5092,4.404007643,11,-1.246229943,1183,21,Yes,Yes,Ice-Cored,No,Medium
GLO111,29.80093584,79.59154002,5192,2.905751941,37,2.857370418,1574,23,Yes,Yes,Ice-Cored,Yes,Very High
GLO112,30.39883187,80.40245756,5175,3.010746439,43,-1.816418848,1017,26,Yes,Yes,Ice-Cored,Yes,Very High
GLO113,29.78576027,79.52364874,5036,3.519063182,37,0.659504696,880,31,Yes,No,Ice-Cored,No,Medium
GLO114,30.10247044,79.39547675,4796,0.849585381,25,3.576543968,1498,32,No,Yes,Ice-Cored,No,Very High
GLO115,29.58604728,78.56130349,5114,2.922172015,49,-2.182494869,1249,22,No,No,Rock-Cored,Yes,High
GLO116,30.91952786,78.91934786,4896,0.67701581,25,2.696141498,974,38,Yes,Yes,Ice-Cored,Yes,Medium
GLO117,29.60434168,78.97398517,4802,1.105297521,20,-7.987465946,947,20,Yes,No,Rock-Cored,Yes,High
GLO118,30.977816,80.62121411,4848,3.066802767,22,-4.626916484,922,37,Yes,No,Ice-Cored,Yes,Medium
GLO119,31.67293773,78.9864901,5019,1.399023923,20,-9.756587794,1349,28,Yes,No,Rock-Cored,No,Very High
GLO120,29.27906074,80.24105553,4709,3.860096681,45,-4.894082178,949,44,No,No,Rock-Cored,Yes,Medium
GLO121,30.2513207,80.89515936,4866,2.70097757,44,-9.799600135,1406,29,No,No,Ice-Cored,No,Low
GLO122,29.4013862,78.11780235,5002,1.624630654,48,-1.137581993,1429,49,No,Yes,Ice-Cored,No,Very High
GLO123,30.59668032,78.94512687,5091,1.877341365,36,-6.312186495,1115,36,No,Yes,Rock-Cored,Yes,Medium
GLO124,31.26761734,80.92039769,5186,2.895547737,47,-9.403906988,877,35,No,No,Ice-Cored,Yes,Low
GLO125,29.25653105,78.69633168,4787,4.149375528,26,-7.236465496,1007,39,No,No,Rock-Cored,Yes,Low
GLO126,29.25838891,80.49462591,5138,2.434752999,31,1.869371274,1488,39,Yes,Yes,Rock-Cored,No,Medium
GLO127,29.78647511,80.57109631,5021,1.63589995,19,-1.55304272,1361,24,Yes,Yes,Rock-Cored,Yes,Very High
GLO128,29.86181935,80.88850852,5155,4.274876898,24,0.75502262,1596,36,Yes,No,Ice-Cored,No,Medium
GLO129,29.79210247,78.33506109,4929,2.077839102,48,-0.937435334,1129,37,Yes,Yes,Ice-Cored,No,Medium
GLO130,31.85911661,80.11317936,4942,2.1074191,47,-9.174664018,1307,20,No,Yes,Rock-Cored,No,High
GLO131,29.53467115,79.93251743,4997,3.563079348,42,-6.805843939,941,47,Yes,Yes,Ice-Cored,No,Low
GLO132,31.84443551,78.9747934,5039,4.56368631,47,-9.433720116,1251,25,No,No,Ice-Cored,Yes,Medium
GLO133,29.28286752,78.27779861,5170,4.338013151,22,-0.063782939,1290,30,Yes,Yes,Ice-Cored,No,Medium
GLO134,29.03584548,80.14596073,4908,1.740533086,29,4.10976171,1530,22,No,Yes,Rock-Cored,Yes,High
GLO135,29.18846934,78.76148287,4735,1.270013709,34,0.845567959,1589,27,No,Yes,Ice-Cored,No,Medium
GLO136,30.40474847,78.993106,4786,3.857968107,31,-1.032382818,1183,21,Yes,Yes,Ice-Cored,Yes,High
GLO137,30.85598634,80.25996407,4999,3.354962301,42,-8.210510914,1273,49,Yes,No,Ice-Cored,Yes,Low
GLO138,29.53180645,80.95745299,4815,3.816798361,13,2.852165604,1353,35,No,Yes,Ice-Cored,Yes,Medium
GLO139,30.05024327,79.00606868,4894,0.697883213,32,-6.780867967,1583,31,Yes,No,Rock-Cored,Yes,Very High
GLO140,29.09990965,79.23489564,5187,3.171137765,30,-2.806408784,1546,34,No,Yes,Ice-Cored,Yes,Very High
GLO141,30.4632477,78.40384944,4847,3.476904302,31,-0.787032491,1334,34,No,Yes,Rock-Cored,No,High
GLO142,31.71156619,80.79856066,4739,1.792454801,11,-8.296082309,1232,30,No,Yes,Rock-Cored,Yes,Very High
GLO143,29.63554561,78.19291176,5102,0.716090246,48,3.939395133,1291,46,No,No,Rock-Cored,Yes,High
GLO144,31.18073504,80.40301608,4727,1.565882409,34,-5.109999754,1314,40,Yes,Yes,Ice-Cored,No,Medium
GLO145,30.90656665,78.57278119,5184,0.59414176,23,-6.703575838,1243,21,Yes,No,Ice-Cored,Yes,Medium
GLO146,29.87382026,80.50528393,5003,4.10651406,34,-4.846951403,1182,38,No,No,Rock-Cored,No,Medium
GLO147,30.23024166,79.35667937,5176,3.403756548,17,-0.275789806,1480,30,No,No,Rock-Cored,Yes,Low
GLO148,31.66885428,80.35584606,5070,2.212494957,16,-6.509016871,1246,48,No,No,Ice-Cored,Yes,Very High
GLO149,29.88306269,80.78927748,5092,4.913533905,24,-3.975804449,969,35,Yes,Yes,Rock-Cored,Yes,Very High
GLO150,31.62101154,80.45349374,5059,1.695095136,20,1.659445915,1577,30,Yes,No,Rock-Cored,No,High
GLO151,30.15804707,80.85307933,5137,1.813004255,25,3.725578047,1198,23,Yes,Yes,Rock-Cored,No,High
GLO152,30.50298764,78.31193251,4726,4.395530451,26,-1.435588601,1293,28,Yes,No,Ice-Cored,Yes,Medium
GLO153,29.06793093,79.80839293,4783,3.351188538,10,-2.63465615,1058,33,No,Yes,Ice-Cored,No,High
GLO154,31.32990267,80.46619865,5172,4.32286855,28,-1.468435513,842,45,Yes,No,Rock-Cored,No,Medium
GLO155,30.64755696,80.51287156,5105,3.925730826,45,-3.257192871,1342,20,Yes,No,Ice-Cored,No,Low
GLO156,31.82654968,78.01159608,5014,3.038879957,22,-9.000356951,839,32,No,Yes,Ice-Cored,No,Medium
GLO157,31.48319889,78.48053532,4997,1.70478409,48,2.308381711,896,24,Yes,Yes,Ice-Cored,No,High
GLO158,30.91737185,79.95103779,4792,2.059614119,11,-4.719438731,852,36,No,Yes,Ice-Cored,No,Very High
GLO159,29.45579183,80.63442846,4991,3.755586705,49,-6.946515544,1152,26,No,No,Ice-Cored,No,High
GLO160,31.01367874,79.24785122,5034,2.576556346,23,-1.643342631,803,39,No,No,Ice-Cored,Yes,Very High
GLO161,31.93255553,78.12399813,4704,2.081837765,36,3.000201899,1162,48,Yes,No,Rock-Cored,Yes,Low
GLO162,29.5842419,80.62756092,4812,2.706573185,33,4.01573774,1322,29,No,No,Ice-Cored,No,High
GLO163,30.02623217,80.20955513,4706,3.913973197,41,1.264390966,1569,21,Yes,No,Ice-Cored,No,High
GLO164,30.30078169,79.13318957,4880,3.133778745,21,-5.104170569,1418,28,Yes,No,Rock-Cored,No,High
GLO165,30.28478038,78.31737634,4891,4.55801531,25,-9.472447881,1522,34,No,No,Ice-Cored,Yes,High
GLO166,31.35320424,78.73070501,4908,4.131322462,28,0.326586026,1236,48,No,Yes,Rock-Cored,Yes,Medium
GLO167,31.66689102,79.74247038,4923,2.143958479,23,-7.679749815,1398,31,Yes,No,Ice-Cored,Yes,High
GLO168,30.18663373,80.8420489,4786,4.437250321,22,1.916681898,1537,39,Yes,No,Ice-Cored,Yes,Low
GLO169,30.37999129,79.10952555,4963,4.613754003,19,-3.665914325,1439,37,Yes,No,Ice-Cored,Yes,Medium
GLO170,30.36226145,78.86845103,4728,2.776294539,41,1.149855745,1424,45,Yes,No,Rock-Cored,No,Low
GLO171,31.18874451,78.79443693,4887,4.798507769,42,2.875763359,1217,40,No,No,Ice-Cored,No,Medium
GLO172,30.7631132,78.69922452,5122,2.481029966,21,-4.632311872,1251,27,Yes,No,Ice-Cored,No,Medium
GLO173,30.39234419,80.58910518,4940,0.803324237,22,1.619105869,840,46,No,No,Ice-Cored,No,Medium
GLO174,29.29337177,79.92902583,4722,0.921662628,10,0.34311214,1279,44,Yes,Yes,Rock-Cored,Yes,Medium
GLO175,31.72466984,79.72343355,5142,2.155974479,11,-1.499391768,1496,45,No,Yes,Ice-Cored,No,Low
GLO176,29.31900482,80.9556425,4982,4.714375611,47,-6.647699475,1175,27,No,Yes,Ice-Cored,No,Very High
GLO177,29.53024139,80.58369259,4784,3.508056935,49,-3.016255306,939,21,Yes,Yes,Ice-Cored,No,Low
GLO178,30.8632986,79.18647545,4707,3.706117394,19,1.427809578,833,46,Yes,No,Rock-Cored,Yes,High
GLO179,29.25824559,78.51256835,5124,0.59216598,22,0.232949082,1068,38,Yes,No,Rock-Cored,No,Medium
GLO180,30.06903096,78.47096856,5147,1.319034312,27,2.396074662,1049,21,Yes,Yes,Rock-Cored,Yes,Low
GLO181,29.91642437,79.0813521,4950,4.065043777,46,-7.258038898,1490,48,Yes,No,Ice-Cored,No,Medium
GLO182,29.33934554,79.04355384,5174,0.754056053,42,-8.718927131,1239,44,Yes,No,Rock-Cored,Yes,High
GLO183,30.4400452,79.74668997,5094,4.09197026,40,-0.039061312,1308,48,No,Yes,Ice-Cored,Yes,Medium
GLO184,29.41159662,80.79378091,4914,3.762797096,26,-2.446405803,1140,20,No,Yes,Ice-Cored,Yes,Very High
GLO185,30.11914743,78.34092088,5091,4.00946,26,-3.321334233,817,20,No,No,Rock-Cored,No,High
GLO186,29.92781796,80.45445399,4793,4.308285289,45,-3.044274528,1336,39,No,No,Rock-Cored,No,Very High
GLO187,30.76490732,79.94008861,4757,4.77837538,26,-4.608869196,1194,24,Yes,Yes,Ice-Cored,No,Low
GLO188,30.57933202,79.63613,5031,0.61266995,27,-3.110018833,955,32,No,Yes,Ice-Cored,No,High
GLO189,30.48734441,80.91722939,5119,3.751834476,30,-1.915812763,1074,46,No,Yes,Ice-Cored,No,Low
GLO190,29.11576006,80.22333948,4767,1.984043061,32,-6.091841164,905,41,No,Yes,Rock-Cored,Yes,Medium
GLO191,31.02593826,79.95589038,5096,1.17499841,29,-9.952850401,899,43,No,No,Rock-Cored,Yes,Low
GLO192,29.87427102,80.93964187,4865,1.349425878,47,-1.767395173,1543,48,Yes,No,Ice-Cored,No,Medium
GLO193,31.42552242,80.39175086,4734,1.711782501,20,-0.654896914,935,32,Yes,Yes,Ice-Cored,Yes,Very High
GLO194,29.94770737,80.1703338,5029,3.884890998,41,1.913113472,1330,46,No,No,Ice-Cored,No,Low
GLO195,29.67078672,78.72117967,4911,2.517716088,34,-9.679794689,1183,24,Yes,No,Rock-Cored,No,Medium
GLO196,30.18586851,79.23172538,4870,4.522350771,26,0.023079743,827,31,Yes,No,Rock-Cored,Yes,Medium
GLO197,30.63027463,79.91946384,4712,0.999547643,24,-7.06818419,1008,26,No,No,Ice-Cored,No,Medium
GLO198,31.00546828,79.41755323,4865,3.3112565370000002,35,-6.838673201,1109,24,No,Yes,Ice-Cored,No,Medium
GLO199,29.14769349,80.05938546,4810,1.49825394,24,-4.370000098,1544,40,No,No,Ice-Cored,Yes,High
GLO200,30.94065113,80.26252941,4720,0.64149526,16,1.078781708,1584,20,Yes,No,Ice-Cored,Yes,Very High
GLO201,29.0891122,80.481333,4967,0.997466232,32,-6.376820012,1063,41,No,No,Rock-Cored,No,High
GLO202,31.09934598,78.07183272,4856,4.221918381,36,-7.46231864,951,48,Yes,No,Ice-Cored,Yes,Very High
GLO203,30.59836231,78.06524249,5087,3.94942829,27,0.025137722,1068,20,Yes,Yes,Rock-Cored,Yes,Medium
GLO204,31.59249776,80.66593041,4776,2.695200302,19,-9.727055753,810,31,No,Yes,Rock-Cored,No,Low
GLO205,30.415678,79.55057778,4822,2.283875427,48,-0.87656117,1362,43,No,No,Rock-Cored,Yes,Low
GLO206,29.49998843,79.74399256,5069,0.81374193,44,-8.248719305,1423,26,Yes,No,Ice-Cored,No,Medium
GLO207,31.4872435,80.39848613,4967,4.88045175,34,-6.219713697,1358,44,Yes,Yes,Ice-Cored,No,Low
GLO208,30.37539777,78.20123492,5023,3.55021784,28,-5.583662977,895,35,No,Yes,Ice-Cored,Yes,High
GLO209,30.3614716,78.8101403,4983,4.089353603,47,-8.101614081,837,24,Yes,Yes,Ice-Cored,Yes,Medium
GLO210,30.84199811,79.47246115,4790,3.689430046,45,-2.595303354,1532,24,No,Yes,Rock-Cored,No,High
GLO211,30.95191231,80.21023796,5118,0.908571915,39,4.553267358,826,36,Yes,Yes,Rock-Cored,No,Low
GLO212,31.61852314,78.49378483,4746,4.908643279,29,3.18802522,1028,37,No,Yes,Ice-Cored,Yes,Very High
GLO213,30.75425371,78.80369656,4702,4.598282825,25,-5.790669264,828,37,No,No,Rock-Cored,Yes,Very High
GLO214,30.89705267,79.27575433,5190,3.195875489,16,-6.234274809,859,38,Yes,Yes,Rock-Cored,No,Low
GLO215,29.27009002,78.72904086,5041,2.866012214,33,-5.930738039,1374,32,No,No,Ice-Cored,Yes,Medium
GLO216,30.25979952,79.36489883,4917,1.269925568,11,2.876191989,1511,42,No,No,Rock-Cored,No,High
GLO217,31.84035162,79.50037133,4836,1.329550845,49,-7.465480894,1260,38,No,Yes,Ice-Cored,Yes,Low
GLO218,31.37636134,80.15989242,5024,2.441982883,23,4.220374801,1424,30,Yes,Yes,Ice-Cored,No,High
GLO219,31.39383448,79.56131835,4893,3.565104055,48,-0.877064183,976,46,Yes,Yes,Ice-Cored,Yes,Very High
GLO220,30.49526681,78.09774236,4785,4.445538076,46,1.26435857,1304,49,No,No,Ice-Cored,No,Low
GLO221,29.88111278,80.70636695,5103,2.268234875,28,-0.117300104,805,31,No,Yes,Ice-Cored,Yes,Very High
GLO222,31.32917617,80.1740031,4829,2.654036033,47,-7.355067289,914,40,No,No,Rock-Cored,Yes,Very High
GLO223,29.39564948,80.03957988,4741,1.247068735,28,0.337854259,1220,25,No,No,Rock-Cored,Yes,Medium
GLO224,31.42439388,78.07483162,4966,1.678498768,42,3.73708549,1214,45,No,No,Ice-Cored,Yes,Low
GLO225,30.91712617,78.94400192,4969,2.352542485,49,-5.195484777,1412,35,No,Yes,Ice-Cored,Yes,High
GLO226,31.57359513,79.26756676,4982,4.988193087,12,2.852467488,888,44,No,No,Ice-Cored,Yes,Medium
GLO227,31.62999993,80.00646115,5146,4.799708781,44,-4.849017858,1047,48,Yes,No,Ice-Cored,Yes,Low
GLO228,30.22421699,79.01121427,4988,0.873921411,47,-7.814348623,1383,36,Yes,No,Ice-Cored,Yes,Low
GLO229,29.7002714,80.41078063,4841,1.008929296,22,2.184255355,1093,32,Yes,Yes,Ice-Cored,Yes,High
GLO230,29.97816931,78.70479273,4770,4.377196364,49,-9.166273524,1457,28,Yes,Yes,Rock-Cored,Yes,Medium
GLO231,29.37432203,80.91634709,4703,4.790512965,12,4.16149384,1031,41,No,Yes,Ice-Cored,No,High
GLO232,31.43668922,79.87847373,5193,2.331032051,43,-9.211181444,1248,22,Yes,No,Rock-Cored,Yes,Very High
GLO233,31.22302643,80.26299875,4730,4.021877249,43,0.197578171,1460,21,No,No,Ice-Cored,No,Medium
GLO234,29.26116709,78.50349319,5011,4.747492098,40,-5.122826093,910,26,Yes,Yes,Rock-Cored,Yes,High
GLO235,31.97312404,78.22850944,4784,3.268995193,36,-9.345041237,1081,43,No,Yes,Rock-Cored,No,Very High
GLO236,30.17272473,80.58112362,5168,2.803998428,42,-4.848842023,1207,47,No,No,Rock-Cored,Yes,Very High
GLO237,29.65718384,80.22791386,4742,1.882644434,45,0.747069733,1434,23,No,No,Rock-Cored,No,High
GLO238,29.67886975,80.48482509,4990,4.687081499,28,-7.933390737,1400,29,No,No,Ice-Cored,No,High
GLO239,29.52139421,79.6730983,4847,4.505895774,42,1.674855977,1572,26,No,Yes,Ice-Cored,Yes,Medium
GLO240,30.17590662,79.51066957,5027,0.72491137,48,-4.691866438,1273,26,No,Yes,Ice-Cored,Yes,Very High
GLO241,30.0039645,80.60478102,5049,1.716630652,41,-1.751853025,997,33,No,No,Ice-Cored,No,High
GLO242,30.91274988,80.80717798,5194,1.301302735,10,2.174138513,1296,36,No,No,Ice-Cored,Yes,Very High
GLO243,30.29203231,78.63148975,4730,4.739416898,26,-9.608681472,1536,34,Yes,Yes,Rock-Cored,Yes,High
GLO244,31.02134004,79.87056235,4850,2.134736322,46,-8.389627645,1088,28,Yes,No,Rock-Cored,Yes,Medium
GLO245,30.40522787,78.7055568,4725,4.567277098,24,-8.618180781,1545,38,No,Yes,Rock-Cored,No,High
GLO246,30.44955146,80.88812313,5156,3.059898996,48,-3.07189342,989,26,No,No,Rock-Cored,Yes,Medium
GLO247,30.51864142,80.88202593,4959,4.767729078,31,-0.489914069,1288,48,Yes,No,Rock-Cored,No,Very High
GLO248,30.93172221,78.65209775,5032,1.796664122,39,-1.38996413,937,20,No,Yes,Ice-Cored,Yes,Medium
GLO249,31.19342556,80.03306663,4737,3.753086539,21,2.379820312,1181,27,No,No,Rock-Cored,Yes,Very High
GLO250,29.68102292,78.45991338,4836,4.493656013,45,-1.629463988,930,48,Yes,No,Rock-Cored,Yes,Medium
GLO251,29.82529238,79.47189914,4852,1.998448251,12,-5.982452447,1352,24,No,No,Ice-Cored,No,High
GLO252,31.33264883,78.99389163,4878,2.50671271,40,0.569083798,1393,38,No,No,Ice-Cored,Yes,Medium
GLO253,29.48925307,78.54287927,4761,1.197800114,43,4.578868215,1580,21,No,Yes,Rock-Cored,Yes,High
GLO254,29.01162773,79.50713921,5078,4.23709067,11,3.218986531,1026,46,Yes,No,Rock-Cored,Yes,Very High
GLO255,31.71599884,78.8370247,5068,0.594335237,17,-6.048999515,959,40,Yes,No,Rock-Cored,No,High
GLO256,30.52321208,80.79516601,4772,2.077061456,17,1.300578312,1042,45,Yes,Yes,Ice-Cored,Yes,Low
GLO257,31.13474869,78.77062103,5026,3.727968451,22,-1.546208093,1439,38,Yes,No,Rock-Cored,Yes,High
GLO258,29.57653198,78.8384231,4815,0.516298134,20,-1.36061495,1576,32,Yes,Yes,Ice-Cored,No,Low
GLO259,30.90223447,79.66468765,4875,4.199386961,40,4.999073237,1228,24,No,No,Rock-Cored,Yes,Very High
GLO260,29.37427862,79.16736794,4990,3.4734465390000002,35,-5.985883116,1481,44,No,Yes,Rock-Cored,Yes,Medium
GLO261,30.59157232,79.58199545,4796,2.551853219,46,-7.543729344,1409,26,No,No,Rock-Cored,No,Very High
GLO262,30.93899899,80.85519403,4858,2.756126043,27,0.374762614,1198,46,No,Yes,Ice-Cored,Yes,Very High
GLO263,30.6297867,80.372678,4729,0.921755891,23,-8.874232358,1212,22,No,No,Rock-Cored,Yes,Low
GLO264,31.90172606,78.46200358,4937,2.394526575,14,-7.239617126,860,32,Yes,Yes,Rock-Cored,Yes,Medium
GLO265,30.81635153,78.71514778,4961,4.860410335,14,-3.290692685,813,44,No,Yes,Rock-Cored,Yes,Low
GLO266,30.75885819,78.91712292,4846,3.674762795,18,-9.359350783,1572,20,No,Yes,Ice-Cored,No,Medium
GLO267,30.41984037,78.76166372,5079,1.86993956,35,-8.603201653,1309,47,No,Yes,Ice-Cored,Yes,Medium
GLO268,31.07239983,78.13627944,4751,4.538879628,28,-9.752532723,1128,30,Yes,No,Rock-Cored,No,High
GLO269,29.68395309,79.61067966,4914,0.942141055,11,-1.131578162,816,48,Yes,Yes,Rock-Cored,Yes,Very High
GLO270,31.38392853,80.02351588,5023,4.611492502,26,4.390369822,1405,26,No,Yes,Ice-Cored,Yes,Very High
GLO271,31.86025372,80.0660632,4750,3.396638818,18,-5.246262476,1551,41,No,Yes,Ice-Cored,Yes,Medium
GLO272,29.19453936,79.41568446,4985,2.843252708,43,3.698527458,1565,27,Yes,Yes,Ice-Cored,Yes,Medium
GLO273,31.60935269,80.90316291,5127,1.983821362,32,-9.511340744,1456,41,Yes,Yes,Rock-Cored,No,Medium
GLO274,31.12153185,78.07514749,5171,2.484364201,20,-6.377591885,1442,32,Yes,No,Ice-Cored,No,High
GLO275,29.119659,80.18147671,5138,1.220560095,18,-2.302746272,1476,43,No,Yes,Rock-Cored,No,Medium
GLO276,30.70351617,80.00345199,4851,4.452948226,39,-8.487610141,1285,38,No,Yes,Ice-Cored,Yes,Low
GLO277,31.49441968,78.28683976,4798,4.328522702,47,0.983984151,1277,39,No,No,Ice-Cored,Yes,Very High
GLO278,29.50115012,80.67887667,4813,4.469350661,13,4.04516921,1117,27,Yes,Yes,Rock-Cored,No,Medium
GLO279,30.12082941,79.86090127,4763,2.784435831,36,-8.13750438,1553,24,No,Yes,Ice-Cored,No,Very High
GLO280,29.36014174,78.61996419,5061,0.563967694,20,-1.016089443,1226,20,Yes,No,Ice-Cored,Yes,Low
GLO281,31.39654716,78.31166709,4749,2.778055699,17,-7.454847462,1096,32,No,No,Rock-Cored,No,Medium
GLO282,31.07641136,79.26799874,4988,3.135896821,35,-4.189747594,1568,36,Yes,Yes,Ice-Cored,No,Medium
GLO283,31.07179667,78.99567646,5053,2.332746614,44,-8.48724742,1071,44,No,Yes,Rock-Cored,Yes,Medium
GLO284,31.3155671,80.22809864,5002,4.985798114,24,4.377542711,914,44,No,No,Rock-Cored,Yes,Low
GLO285,29.43897367,80.56142923,5189,3.37728623,29,-8.176851038,1533,26,Yes,Yes,Rock-Cored,No,High
GLO286,30.74436885,79.62237655,4910,2.442144469,25,-4.439966653,867,37,No,No,Rock-Cored,No,High
GLO287,29.54295783,80.32076015,5040,2.230607794,49,3.644642964,988,48,Yes,Yes,Rock-Cored,No,Medium
GLO288,31.22277004,80.38640511,5086,4.121582739,15,-0.054817712,1497,42,Yes,No,Rock-Cored,No,Medium
GLO289,31.30908545,80.16445246,4749,3.139637536,19,-0.598069332,1012,31,Yes,Yes,Rock-Cored,Yes,High
GLO290,29.47751996,78.53809511,5196,3.994234331,47,-7.529571663,1598,27,No,Yes,Ice-Cored,Yes,Low
GLO291,31.19658643,78.49601356,5159,1.079454901,18,0.103213553,1184,37,Yes,Yes,Ice-Cored,Yes,Very High
GLO292,30.48970604,79.07594773,5100,2.084333057,38,-6.033093876,1048,45,Yes,Yes,Ice-Cored,Yes,High
GLO293,31.88393601,79.07344533,4832,1.204279735,14,0.321708561,1160,40,No,No,Rock-Cored,Yes,Medium
GLO294,31.91852347,79.62620319,4715,0.981913351,31,-7.245153293,1174,31,No,No,Rock-Cored,No,Very High
GLO295,31.45200611,80.81030688,5059,1.142009834,48,-7.342227654,1056,41,No,No,Rock-Cored,No,Medium
GLO296,30.95670219,79.32992908,4831,2.871506651,40,4.818640686,1302,42,No,Yes,Ice-Cored,Yes,Very High
GLO297,31.46824873,79.03065909,5189,4.893386613,19,-5.85002262,1478,33,No,Yes,Ice-Cored,No,Medium
GLO298,31.80797976,79.5489044,5017,0.976058006,16,0.061784884,963,29,No,No,Ice-Cored,No,Medium
GLO299,31.61266381,78.41999591,5162,3.185469212,25,-8.751156846,1392,28,No,No,Rock-Cored,Yes,Low
GLO300,31.04482005,78.37565299,5029,1.946066313,14,-2.861103489,1130,43,No,No,Ice-Cored,No,Medium
GLO301,29.93425747,78.64107997,5094,2.590768306,32,0.508840264,1110,47,No,No,Rock-Cored,Yes,Very High
GLO302,30.99987681,79.4059769,5025,3.864481345,17,-6.430929916,1004,20,Yes,No,Ice-Cored,No,Medium
GLO303,29.69027782,78.4069415,5070,1.208370347,41,2.310743872,1000,30,No,No,Rock-Cored,No,Very High
GLO304,29.4387455,78.57457929,5128,2.849724554,49,-5.748548185,1020,26,No,Yes,Rock-Cored,Yes,Medium
GLO305,30.53266972,80.83524635,5071,1.597324768,16,-5.472824904,849,22,No,Yes,Ice-Cored,No,Low
GLO306,30.78223521,80.88315089,4958,1.061682488,38,-2.084326127,893,26,No,Yes,Ice-Cored,No,Medium
GLO307,31.16455505,78.28465228,4772,2.292740968,25,-1.57011178,1386,28,No,No,Rock-Cored,Yes,Medium
GLO308,30.96271644,78.98728808,5016,0.624214824,24,-0.448821176,895,29,Yes,No,Ice-Cored,Yes,Low
GLO309,31.40902689,79.58544958,4739,1.615609547,11,-1.870378749,1433,23,No,No,Ice-Cored,Yes,Very High
GLO310,31.93767305,79.67284529,4900,1.987315917,10,4.988644038,1170,25,Yes,No,Rock-Cored,No,High
GLO311,29.07305598,78.28362457,5004,3.290740882,28,4.632828281,1332,31,No,No,Ice-Cored,Yes,Low
GLO312,30.72978941,78.31185839,5120,1.713857714,47,4.533728994,962,47,Yes,Yes,Ice-Cored,Yes,Medium
GLO313,29.64762719,78.59767797,4937,4.092523726,24,-2.514308048,1476,47,Yes,No,Ice-Cored,No,Low
GLO314,31.99671753,79.74161725,4852,4.510650295,23,0.198585992,904,42,No,Yes,Ice-Cored,No,High
GLO315,30.66094427,80.11453674,4978,0.910218711,44,-2.356828343,1193,47,Yes,Yes,Rock-Cored,Yes,High
GLO316,30.24779091,78.87591513,4787,4.954541548,47,-8.803100157,1460,38,Yes,No,Ice-Cored,No,High
GLO317,30.35351896,78.127267990000007,5053,2.183626504,48,-5.922739511,1165,41,No,No,Ice-Cored,No,Medium
GLO318,30.00873427,79.47186053,5044,2.512140738,42,0.452011763,1070,26,Yes,Yes,Ice-Cored,Yes,Very High
GLO319,30.47316471,80.346800150000007,4800,1.115243675,48,0.395156266,1217,26,Yes,Yes,Rock-Cored,Yes,Medium
GLO320,30.09099548,79.3012711,4797,2.513296087,32,-6.043195689,1084,25,No,No,Rock-Cored,No,Low
GLO321,30.67304691,78.47866225,5100,3.157509494,40,-5.065617238,1547,31,No,Yes,Ice-Cored,Yes,Medium
GLO322,31.60412007,78.61341387,4753,4.625089256,32,2.782391391,1388,26,Yes,Yes,Ice-Cored,No,Low
GLO323,29.35272084,80.34361603,4743,1.082285216,35,-8.432128436,1451,25,No,No,Rock-Cored,No,Medium
GLO324,31.37487814,78.83236094,4922,1.997235126,33,4.658157181,1222,24,Yes,Yes,Ice-Cored,Yes,High
GLO325,29.43681827,78.38446651,4862,4.751833107,23,2.385373768,1523,37,No,Yes,Ice-Cored,No,Very High
GLO326,30.341522,79.28792207,4933,2.465672659,45,0.458300726,831,27,Yes,No,Ice-Cored,No,High
GLO327,31.99093318,79.40240067,5194,4.32280503,44,2.382881492,1411,32,Yes,No,Rock-Cored,No,Very High
GLO328,29.46870083,78.54217318,4725,1.217638204,32,-0.018189542,1117,44,Yes,No,Ice-Cored,No,Very High
GLO329,29.42841125,79.43316911,5124,3.815057164,25,2.467004278,806,35,No,No,Ice-Cored,Yes,Low
GLO330,30.16017774,79.15001915,4848,3.303186612,24,-5.319278965,976,25,No,No,Rock-Cored,Yes,Low
GLO331,31.53451491,80.81680866,4715,3.708137091,22,1.446904213,1090,29,Yes,Yes,Rock-Cored,No,Medium
GLO332,30.77712034,80.38083719,4782,4.050793835,46,1.041035131,954,44,Yes,Yes,Ice-Cored,Yes,Low
GLO333,29.66278621,80.05991098,4884,1.515701138,31,3.854531199,1206,43,No,Yes,Ice-Cored,No,High
GLO334,30.06218516,79.65424575,4923,1.127708533,23,-3.122933964,1475,43,No,Yes,Rock-Cored,Yes,Low
GLO335,31.21330575,78.0223447,4954,4.471383278,13,4.397319852,1046,31,Yes,Yes,Rock-Cored,Yes,Very High
GLO336,29.75532598,78.7017502,5029,3.091702827,10,4.301621219,1352,47,Yes,No,Rock-Cored,No,Low
GLO337,30.32755231,79.49838815,5023,2.053899407,25,-7.149543974,1596,42,Yes,No,Rock-Cored,Yes,Low
GLO338,30.59118331,78.92279958,5079,2.445585437,23,-0.401946407,1153,35,No,No,Rock-Cored,No,High
GLO339,30.37758617,79.54579518,4913,2.070267081,38,-7.8452175,993,29,No,Yes,Ice-Cored,Yes,Very High
GLO340,31.01590928,80.84139529,4765,3.813532482,13,-2.061505801,994,48,Yes,Yes,Rock-Cored,Yes,Very High
GLO341,29.30448779,78.64232198,5069,4.955250449,19,-6.324802715,1448,31,Yes,No,Rock-Cored,Yes,High
GLO342,30.22352889,80.70172036,5049,1.516367113,15,-8.259857918,1381,22,No,Yes,Rock-Cored,No,Low
GLO343,29.56548591,79.00263193,4934,3.099260072,19,-2.586658844,1193,24,No,Yes,Ice-Cored,No,Medium
GLO344,29.72679205,79.17404253,5058,1.756239738,40,-8.071379305,988,25,No,Yes,Ice-Cored,No,Medium
GLO345,30.05190856,78.55732837,4815,0.556852752,35,-7.906736866,1595,49,No,Yes,Ice-Cored,No,Very High
GLO346,29.12447226,80.31163666,5098,3.624370632,35,-6.874349561,1460,33,Yes,Yes,Ice-Cored,No,Medium
GLO347,29.60750627,78.47834688,4774,4.475563406,47,2.048375242,939,22,Yes,Yes,Rock-Cored,No,Low
GLO348,30.3613673,79.35915475,5000,4.588690035,32,3.347293807,886,31,No,Yes,Rock-Cored,No,Medium
GLO349,29.96965142,79.71758022,4896,4.747408579,15,-7.569321069,979,37,No,No,Rock-Cored,No,High
GLO350,31.75129499,79.02795399,4758,0.722900529,14,-0.930578015,941,33,Yes,Yes,Ice-Cored,No,High
GLO351,29.24910326,80.92318571,4890,4.715722187,23,-5.287677931,1428,27,Yes,No,Ice-Cored,No,Low
GLO352,30.2903895,80.98517951,5184,1.847192383,12,-9.779244077,1035,39,No,No,Rock-Cored,No,Very High
GLO353,31.66406963,78.92313016,5095,4.772332202,46,1.713624776,928,26,Yes,Yes,Rock-Cored,Yes,High
GLO354,31.13996695,79.86074204,4888,0.878643502,22,-9.361654612,854,43,Yes,No,Ice-Cored,Yes,High
GLO355,29.30652289,80.64059203,4982,2.467138365,16,3.379338768,1268,40,No,Yes,Ice-Cored,Yes,High
GLO356,31.76526664,79.95164186,5061,4.608129689,18,-9.083153017,847,32,Yes,Yes,Ice-Cored,No,Low
GLO357,29.71494224,80.69334674,5061,1.673596939,26,-5.235184907,1108,27,No,Yes,Rock-Cored,Yes,Very High
GLO358,29.23688765,78.07302033,4956,2.166823417,34,-8.882618349,843,38,No,Yes,Rock-Cored,No,Low
GLO359,29.32274538,80.81133212,4968,4.544507128,29,-0.655435708,1279,31,No,No,Ice-Cored,No,Low
GLO360,30.66081257,80.53946121,5107,2.176635008,10,-9.511238306,1017,26,No,No,Rock-Cored,No,Low
GLO361,29.38296973,78.34201697,5178,2.428073098,15,-8.751862606,1075,24,Yes,No,Ice-Cored,No,Low
GLO362,31.32748863,79.79604238,4865,2.951333778,46,3.233930181,982,40,No,No,Ice-Cored,Yes,Very High
GLO363,30.4179928,79.9133539,4771,0.937205811,25,-6.649968212,1116,21,No,Yes,Ice-Cored,Yes,High
GLO364,30.7261043,80.29948514,4972,3.435670188,39,-8.030908928,1108,20,Yes,No,Rock-Cored,Yes,Very High
GLO365,31.93411846,78.58792346,5120,2.335662438,49,-8.952836281,1380,48,No,Yes,Ice-Cored,Yes,Very High
GLO366,30.50067781,79.62592038,5167,2.498146056,43,-2.990349264,1088,27,Yes,No,Rock-Cored,No,High
GLO367,30.27610168,79.18627191,4723,4.49320702,10,-0.123500485,889,31,No,No,Ice-Cored,No,Very High
GLO368,30.22964009,79.42926613,5131,3.845467271,17,4.117564113,1481,45,Yes,Yes,Rock-Cored,No,Low
GLO369,31.48885651,79.10317879,4913,3.315852813,39,2.215321717,1031,27,No,Yes,Ice-Cored,Yes,Very High
GLO370,30.25715158,79.32710013,4938,2.198383018,40,1.321730009,1330,37,No,No,Ice-Cored,Yes,Medium
GLO371,31.96595543,78.11413348,5090,2.495083908,27,-0.968391692,1079,46,No,No,Ice-Cored,Yes,Very High
GLO372,30.67961781,78.94893907,4823,1.726340329,48,-6.720048582,918,32,Yes,Yes,Ice-Cored,Yes,Medium
GLO373,29.18118493,78.51287079,4942,0.872818397,46,4.555002731,854,48,Yes,No,Rock-Cored,Yes,High
GLO374,31.61028914,79.95183474,4955,3.043684377,28,-3.561382273,930,20,No,Yes,Rock-Cored,Yes,Low
GLO375,31.59028196,80.22649424,4910,1.262540169,15,-2.306703163,914,45,No,No,Rock-Cored,Yes,Medium
GLO376,30.59000762,80.2361425,4711,1.106365778,19,-8.155586047,905,48,No,No,Ice-Cored,No,High
GLO377,30.07394262,78.20334109,4748,2.376757065,17,-3.16451554,1332,21,Yes,Yes,Ice-Cored,No,High
GLO378,29.51781312,80.77589013,5092,2.059008231,38,2.185095588,893,33,Yes,Yes,Rock-Cored,No,Low
GLO379,30.05978687,79.30184946,5113,2.089351661,42,3.723951214,1084,24,Yes,Yes,Ice-Cored,No,Medium
GLO380,31.6338002,79.94839215,4920,3.607076324,20,-3.527756269,1318,28,No,Yes,Rock-Cored,Yes,Very High
GLO381,29.30982158,79.01470268,4714,2.754340445,28,1.69485123,1010,22,Yes,No,Ice-Cored,Yes,Very High
GLO382,31.8017897,80.39001592,5174,3.248883015,25,-0.478420953,1529,23,Yes,Yes,Rock-Cored,No,Medium
GLO383,31.41902717,80.84206005,5039,2.068405224,32,-4.65275176,1076,23,No,No,Rock-Cored,No,Very High
GLO384,31.8448449,79.29517825,5135,2.450722358,24,-0.800880193,1046,43,No,Yes,Ice-Cored,Yes,Low
GLO385,29.2499731,80.51804767,5080,1.326770548,46,-3.108080183,1280,38,Yes,No,Ice-Cored,Yes,Very High
GLO386,30.64258962,80.13430883,4989,4.190868474,12,2.622191918,1450,20,Yes,Yes,Ice-Cored,Yes,Medium
GLO387,30.75737517,78.9448593,4937,1.45416091,10,-5.830092003,1397,28,Yes,No,Ice-Cored,Yes,Very High
GLO388,29.1373444,80.30589883,4801,4.824742487,47,-9.027571554,1228,25,Yes,Yes,Ice-Cored,No,Medium
GLO389,31.96019921,80.65038495,4738,3.722986622,43,-4.04150189,1530,37,Yes,No,Ice-Cored,Yes,Very High
GLO390,30.90972934,78.81392271,4930,2.844813495,32,-1.306993048,1259,40,No,Yes,Rock-Cored,No,Very High
GLO391,29.69166067,80.85202282,4937,2.634987335,25,-4.157052373,964,25,Yes,No,Ice-Cored,Yes,Low
GLO392,29.11739726,79.87404171,4764,3.893077466,48,-0.491930165,1037,43,No,No,Rock-Cored,No,Very High
GLO393,31.26827131,79.53774308,5189,2.852915679,20,-4.7727113,1273,48,Yes,Yes,Rock-Cored,No,Low
GLO394,31.91707152,78.44749226,4711,4.849701302,18,2.066857605,1347,43,Yes,Yes,Ice-Cored,Yes,Medium
GLO395,30.54503982,80.25128551,4850,0.896152415,12,-9.91107421,1124,40,No,No,Rock-Cored,No,High
GLO396,29.01038441,78.31467708,5144,2.141695966,28,0.370986469,1451,48,No,Yes,Ice-Cored,No,Very High
GLO397,29.55572673,78.8119996,5018,2.439301749,30,-8.152559513,1538,44,No,No,Rock-Cored,No,High
GLO398,29.75594159,79.92947934,4901,0.614614939,18,4.166514657,920,39,Yes,No,Rock-Cored,Yes,Very High
GLO399,31.35389586,78.77493835,5187,0.989123834,17,-3.160521857,970,20,Yes,No,Ice-Cored,Yes,High
GLO400,30.48742819,78.21217229,4776,3.428595768,19,-7.787861104,937,25,Yes,No,Rock-Cored,Yes,High
GLO401,29.75115312,78.73140509,4917,2.367006717,21,-2.049469823,1484,45,No,Yes,Ice-Cored,Yes,Very High
GLO402,30.59947632,79.4457174,5082,1.36855993,17,0.876701153,864,20,Yes,Yes,Rock-Cored,No,High
GLO403,29.0342632,80.61179096,4785,2.045610467,30,-9.987257565,937,46,Yes,No,Ice-Cored,Yes,Low
GLO404,31.91430463,78.84741726,4922,4.975167187,25,2.904044522,1343,37,No,Yes,Rock-Cored,No,Low
GLO405,29.07027197,78.98444112,4812,2.761481265,26,3.412525618,1468,48,Yes,No,Ice-Cored,No,Low
GLO406,31.62169688,78.81598161,4940,1.748214227,32,-5.41698821,1394,33,Yes,Yes,Ice-Cored,No,Low
GLO407,29.98470084,80.92188758,4799,4.695211801,34,-5.852260432,1012,49,Yes,Yes,Ice-Cored,Yes,High
GLO408,29.21896514,80.26499265,4888,2.08078008,26,-2.890682912,875,38,Yes,No,Ice-Cored,No,Very High
GLO409,31.74469719,80.48934587,5013,3.777216854,36,2.114241163,1486,37,No,Yes,Rock-Cored,No,Low
GLO410,29.02361312,79.23841185,4959,3.392891072,42,-2.972283566,1228,43,No,Yes,Rock-Cored,Yes,High
GLO411,31.04124363,79.4536461,5184,3.868102009,29,2.078436674,1249,20,No,Yes,Ice-Cored,No,Very High
GLO412,29.52998887,80.51272933,5143,3.413707416,20,-6.706095489,829,43,Yes,No,Rock-Cored,Yes,High
GLO413,30.04791045,80.66435757,5078,2.090356614,29,-0.166676328,1078,46,No,No,Ice-Cored,Yes,High
GLO414,31.30599044,79.94235832,4830,2.483218649,16,-8.671542399,873,22,Yes,No,Ice-Cored,Yes,Low
GLO415,31.34362441,79.95553536,4855,3.093582082,30,-8.826491573,1198,29,Yes,Yes,Ice-Cored,No,High
GLO416,31.99431654,79.29580582,5030,0.78405973,25,-8.949483081,911,39,Yes,No,Rock-Cored,Yes,High
GLO417,30.44119621,78.25167201,4735,1.443407118,41,-0.922029358,1507,48,No,Yes,Ice-Cored,Yes,Low
GLO418,29.47364481,79.09109865,5107,1.122854119,40,-6.335675475,1046,28,Yes,Yes,Ice-Cored,No,High
GLO419,30.13965118,78.41462383,4824,3.585047208,34,-8.938704669,816,38,Yes,No,Rock-Cored,Yes,Very High
GLO420,31.76519936,79.44197084,4948,1.394581914,26,0.7080384,1054,48,No,No,Rock-Cored,Yes,Very High
GLO421,30.9763852,80.23806962,4981,0.821598276,34,1.547826347,1551,45,Yes,No,Rock-Cored,No,Very High
GLO422,29.28668659,78.60363457,4803,3.93954671,22,-8.148625927,1083,21,No,No,Ice-Cored,No,Very High
GLO423,29.00331921,79.85942602,5192,1.974236647,36,-3.326395194,906,28,Yes,No,Ice-Cored,No,Low
GLO424,30.36668343,79.52644833,4807,3.861046052,13,-1.633729954,1036,28,Yes,Yes,Rock-Cored,Yes,Very High
GLO425,29.63856933,79.85403159,5143,3.861598621,43,-1.994383371,1384,46,No,No,Ice-Cored,No,High
GLO426,31.84723674,80.32729899,4960,1.435776389,48,-3.98055083,814,27,No,No,Rock-Cored,No,Medium
GLO427,30.42014211,78.55606286,4701,2.324753239,13,4.348487171,1507,49,Yes,Yes,Rock-Cored,No,Low
GLO428,30.58182329,79.86108999,5183,0.874114052,33,-1.668344643,1326,45,No,No,Ice-Cored,No,High
GLO429,30.77593124,79.82869042,4907,3.770210275,23,-9.339278874,1332,21,Yes,Yes,Ice-Cored,Yes,Medium
GLO430,30.4054628,79.01877727,5050,4.486498385,10,4.829400383,834,22,Yes,No,Rock-Cored,No,High
GLO431,29.24147193,80.3676567,4946,4.847249276,40,4.885668112,940,35,Yes,No,Ice-Cored,Yes,High
GLO432,30.38656652,80.16159069,4724,4.590210978,17,-4.450240144,1547,37,Yes,No,Ice-Cored,Yes,Very High
GLO433,30.13813412,80.66668579,5120,2.705821222,27,-3.086974969,1310,36,No,Yes,Rock-Cored,No,Very High
GLO434,31.56921505,80.732056,4838,3.28469904,22,0.037220441,1013,45,No,Yes,Rock-Cored,No,Low
GLO435,29.23001319,79.26815228,4880,0.510788325,19,-9.970310409,1195,48,Yes,No,Rock-Cored,No,Medium
GLO436,29.08609465,80.86750176,5107,0.766514415,35,-0.773786083,964,38,No,No,Ice-Cored,No,Low
GLO437,31.51568085,79.05754718,5037,1.63383719,21,-6.534462696,1049,41,Yes,No,Rock-Cored,Yes,Low
GLO438,31.82273048,79.73441776,5169,4.567845019,38,-0.249898044,1026,46,No,Yes,Rock-Cored,Yes,Low
GLO439,31.37618695,78.23927482,5062,3.853516229,36,-9.086856538,1474,40,No,Yes,Rock-Cored,No,Medium
GLO440,29.56983847,79.66010329,4916,3.074141888,28,-8.904552281,1405,31,Yes,Yes,Ice-Cored,No,Medium
GLO441,30.42628139,79.44087589,4777,2.070855235,17,-3.387543476,1139,20,No,No,Ice-Cored,No,Low
GLO442,30.44692999,80.45878745,5026,1.237319079,42,-6.795462883,1005,42,Yes,Yes,Ice-Cored,Yes,High
GLO443,30.21972151,80.60982168,5072,4.776810563,25,4.046463677,856,49,Yes,No,Ice-Cored,Yes,Low
GLO444,30.31673091,79.1260657,5053,3.682906203,23,2.630554874,803,30,No,No,Rock-Cored,No,High
GLO445,29.6797007,79.07531214,5061,1.620287432,17,-2.472284083,1434,25,No,No,Rock-Cored,Yes,Medium
GLO446,31.76764955,79.96892359,4975,2.802391863,34,-7.059539879,1442,47,No,Yes,Rock-Cored,Yes,Very High
GLO447,29.96059255,78.99931453,4798,1.78827907,12,3.763635168,1067,26,No,No,Rock-Cored,No,High
GLO448,30.01648586,78.74350393,4915,4.637138117,24,-4.006055989,1374,42,Yes,No,Ice-Cored,Yes,Very High
GLO449,31.21422296,78.19669181,4843,4.734637342,35,2.478952075,931,43,No,Yes,Ice-Cored,Yes,High
GLO450,31.3278707,79.5130075,4840,1.792794066,44,1.06346929,1049,35,Yes,No,Ice-Cored,No,High
GLO451,30.1843968,80.14153135,4969,1.47428054,36,4.615634869,1574,32,Yes,Yes,Ice-Cored,Yes,Medium
GLO452,29.69928157,80.88205953,5037,0.927047255,23,3.021468436,1213,20,Yes,No,Ice-Cored,Yes,High
GLO453,29.02855272,79.79600511,4849,2.938751615,22,1.772042382,910,48,Yes,Yes,Rock-Cored,Yes,Very High
GLO454,29.5294573,80.12247398,4753,4.809731869,33,-2.861384216,1111,41,Yes,No,Rock-Cored,No,Very High
GLO455,30.3647116,80.36116448,4768,3.549586396,33,-9.0539625439999991,909,20,Yes,Yes,Rock-Cored,No,High
GLO456,30.52388135,79.67446818,4709,1.368367501,22,-0.191388043,1159,28,Yes,Yes,Ice-Cored,No,Medium
GLO457,30.20993614,80.91866843,4715,1.77738063,39,-1.352617837,1082,49,No,No,Ice-Cored,No,Medium
GLO458,29.66755779,79.18936341,4886,4.282481054,35,1.630273163,1034,31,Yes,Yes,Ice-Cored,No,Very High
GLO459,30.99339938,80.51951355,4811,1.563749087,12,2.975635516,933,34,No,No,Rock-Cored,Yes,High
GLO460,31.447088,79.23155494,5080,2.402144224,49,1.663460792,1354,48,No,No,Ice-Cored,No,High
GLO461,29.58268112,80.12526983,4933,2.924223067,15,4.038703974,1007,43,Yes,No,Rock-Cored,Yes,Medium
GLO462,30.24164535,78.33301682,5053,3.654042829,15,4.330377663,1486,30,No,Yes,Rock-Cored,No,Very High
GLO463,31.06338264,80.01061862,4951,2.959549719,29,-9.395962935,1163,45,Yes,Yes,Ice-Cored,Yes,Very High
GLO464,29.77002905,79.51630215,5155,3.546667447,43,2.197689598,1584,33,Yes,Yes,Rock-Cored,Yes,High
GLO465,31.49247572,79.11433701,4817,2.703538938,35,-7.175275413,840,32,No,No,Rock-Cored,No,Low
GLO466,30.18061015,80.74513166,5179,4.440475149,29,-1.290627053,881,27,Yes,No,Rock-Cored,No,Medium
GLO467,30.43507645,79.3980314,5095,4.562494806,11,-4.803263709,1177,32,Yes,Yes,Rock-Cored,No,Very High
GLO468,30.3919728,80.19455034,5056,3.801800332,24,3.542296751,1389,33,No,Yes,Rock-Cored,No,Low
GLO469,29.58264153,79.13960461,4782,2.049508438,42,0.797837623,889,24,No,Yes,Ice-Cored,Yes,Medium
GLO470,29.62548734,80.34568551,4886,4.570301947,43,-6.66062473,846,49,Yes,No,Ice-Cored,Yes,High
GLO471,29.83084155,80.82803336,4986,3.467420245,33,-3.444845634,1004,40,Yes,Yes,Ice-Cored,No,Medium
GLO472,31.19067641,79.93230974,4927,1.512412015,41,-2.789381545,947,23,No,Yes,Rock-Cored,No,High
GLO473,31.61405073,78.80886194,4977,3.237741968,17,-2.458008723,1043,38,No,No,Ice-Cored,Yes,High
GLO474,30.1204433,79.34892282,4775,4.420895962,13,-6.769110834,878,29,No,No,Rock-Cored,No,High
GLO475,30.19843355,78.64814766,5033,1.798958996,27,-5.000957367,1193,27,Yes,No,Rock-Cored,Yes,High
GLO476,30.28186582,79.68707725,4844,2.928740968,31,-8.673751012,1404,39,No,No,Ice-Cored,No,Low
GLO477,29.46655509,78.7911119,4829,2.369903081,49,-6.354502086,1053,45,Yes,Yes,Rock-Cored,Yes,Very High
GLO478,31.75828771,79.5329243,4772,4.754389278,48,1.365020619,1407,42,No,Yes,Rock-Cored,No,Low
GLO479,31.17066293,80.31616637,4801,1.948960422,21,-7.385754655,1511,43,Yes,Yes,Rock-Cored,No,High
GLO480,31.83825786,80.00834698,4794,4.52297936,34,-3.523291556,1159,44,No,Yes,Ice-Cored,No,Low
GLO481,30.68431461,79.64676962,4830,3.287576333,33,-3.203093798,1272,35,No,No,Ice-Cored,No,High
GLO482,29.21624619,78.39668256,5023,3.362210155,10,-6.922678194,1219,31,Yes,Yes,Ice-Cored,No,Low
GLO483,31.26647803,79.6070219,4830,1.994606765,27,-5.12151246,1269,22,Yes,Yes,Rock-Cored,Yes,Medium
GLO484,31.84720918,78.66444154,5121,4.245853909,42,4.265080888,1414,34,No,No,Rock-Cored,No,High
GLO485,29.21220197,79.94264636,4729,0.751078677,22,-9.424689835,852,44,No,Yes,Ice-Cored,No,Low
GLO486,30.91272803,80.59744017,4781,4.256875078,23,-0.310161684,1583,29,Yes,No,Rock-Cored,No,Medium
GLO487,29.33918088,80.66553873,5142,0.873120966,31,1.628525821,1203,49,No,No,Rock-Cored,No,Very High
GLO488,31.34291207,80.19575634,4885,0.802594381,44,-4.296546209,1384,42,Yes,No,Rock-Cored,No,High
GLO489,29.50995268,79.06056405,5097,3.581506221,37,-7.961359228,1340,23,Yes,No,Rock-Cored,Yes,Low
GLO490,29.17071151,80.90418011,5013,3.663659905,42,3.302148031,1531,40,No,No,Ice-Cored,Yes,Low
GLO491,30.39243662,78.3535023,5155,4.915661865,14,4.710455035,951,25,No,Yes,Rock-Cored,Yes,Very High
GLO492,31.28427376,79.89722139,5050,4.401605676,10,-5.533961421,1446,20,No,No,Rock-Cored,No,Medium
GLO493,29.21842129,80.78512052,4929,4.316716248,10,-2.185742592,1078,45,No,No,Rock-Cored,No,Medium
GLO494,29.13247756,78.72170614,4796,2.086603823,41,-9.285577775,1174,42,Yes,Yes,Rock-Cored,Yes,Medium
GLO495,29.94347561,78.33522296,4826,4.420923882,29,2.329468044,1460,38,Yes,Yes,Ice-Cored,No,Low
GLO496,30.93409633,80.74154289,5136,4.956056754,40,-6.998827651,1377,41,No,No,Ice-Cored,No,Medium
GLO497,30.29051822,78.21519406,4713,4.518748392,12,-2.074973925,1407,22,Yes,No,Ice-Cored,No,Low
GLO498,30.20107164,79.94393065,5089,2.675327023,43,-5.440103355,1145,48,Yes,No,Rock-Cored,No,Medium
GLO499,31.10190128,79.41901877,4913,1.589859821,31,0.820632651,1065,27,No,Yes,Ice-Cored,No,Medium
GLO500,29.66814667,80.64761596,5119,4.749143516,47,-6.856754567,1042,31,Yes,Yes,Ice-Cored,No,Low
GLO501,30.9214213,80.0681445,5018,2.935451594,17,-5.80864746,1497,37,No,No,Ice-Cored,No,Low
GLO502,31.66463024,80.75056667,4786,0.52135715,42,-3.362261375,1588,46,No,Yes,Ice-Cored,No,High
GLO503,30.30938585,80.84791764,5008,4.272704035,43,-9.830990266,842,47,No,Yes,Rock-Cored,No,High
GLO504,31.34668128,79.92619023,5086,3.01730458,13,-1.701574778,1528,39,Yes,Yes,Ice-Cored,Yes,High
GLO505,31.30285674,80.91308508,4769,4.214339544,33,2.898319358,1412,38,Yes,No,Ice-Cored,No,Medium
GLO506,29.50072989,80.95291875,5053,0.923557813,11,3.987987389,1352,33,Yes,No,Rock-Cored,Yes,High
GLO507,29.1958943,78.45690357,5086,2.354862965,38,-8.108194097,998,41,No,Yes,Ice-Cored,Yes,Very High
GLO508,30.22962651,79.83286623,4787,2.6830669,30,-7.763470419,1232,24,No,Yes,Rock-Cored,Yes,Low
GLO509,31.32627799,79.00655232,5164,4.179849674,30,0.941008478,1531,20,No,No,Ice-Cored,Yes,High
GLO510,30.79716983,78.85635435,4970,4.954839257,17,-1.33179005,1214,37,Yes,Yes,Ice-Cored,No,Very High
GLO511,30.1718674,80.85487338,4721,1.227673041,37,-2.105836214,1238,23,No,No,Rock-Cored,No,High
GLO512,29.92351594,78.11546476,5199,0.505128235,37,-5.088047392,948,20,No,Yes,Rock-Cored,No,High
GLO513,31.60543082,79.07030293,4718,4.622149651,27,-7.924724453,1553,44,Yes,No,Rock-Cored,No,Very High
GLO514,30.72477008,78.29962634,5178,2.439558535,21,-1.330399071,1340,21,Yes,Yes,Ice-Cored,Yes,Very High
GLO515,29.30072392,78.46393751,4904,1.319071979,46,-6.107090419,1282,39,Yes,No,Rock-Cored,No,High
GLO516,29.32981735,80.86779994,4891,4.964731925,46,-7.776161652,951,41,Yes,No,Ice-Cored,Yes,Medium
GLO517,29.93272736,78.05732555,4914,2.826860676,39,4.812156629,1294,31,No,No,Ice-Cored,No,High
GLO518,29.31912091,79.23471248,4926,3.102746054,22,-5.210501321,1294,46,No,Yes,Ice-Cored,No,Medium
GLO519,29.01545126,78.70961489,4995,1.815930643,37,-6.512492053,1362,39,Yes,Yes,Rock-Cored,Yes,High
GLO520,31.11516584,80.77801465,5180,4.670834698,29,-8.62061153,1581,21,No,No,Ice-Cored,Yes,High
GLO521,30.79421337,79.42051671,5014,3.310832403,37,2.901599816,1191,47,No,Yes,Rock-Cored,No,Very High
GLO522,29.86450693,80.64963801,4704,1.738616481,46,1.310995345,1076,21,Yes,Yes,Ice-Cored,No,Medium
GLO523,30.46037879,78.8111494,4920,1.591208399,33,-4.94796983,1458,48,Yes,No,Rock-Cored,Yes,Medium
GLO524,31.45329103,79.91875576,4913,1.306540755,29,0.778314714,1043,47,No,No,Ice-Cored,No,Low
GLO525,29.35187122,78.49327213,5047,2.913108792,25,-1.903169692,832,39,Yes,No,Ice-Cored,No,High
GLO526,29.07281037,78.53118376,4858,2.706631916,40,-1.347538668,1126,22,Yes,No,Ice-Cored,No,Very High
GLO527,30.71105488,78.21947435,4952,3.763346942,26,-0.809692219,1522,26,Yes,No,Ice-Cored,No,High
GLO528,30.36342971,79.9949153,4891,0.611811639,31,-3.060523724,914,48,No,No,Ice-Cored,No,Low
GLO529,31.95536042,79.65807607,4992,3.95621618,18,1.590250411,1327,29,No,Yes,Ice-Cored,No,Medium
GLO530,30.51622685,78.42284648,4700,3.282957224,45,-9.9746924,871,38,No,Yes,Rock-Cored,Yes,Low
GLO531,30.97647198,79.9192968,5023,2.956146305,48,0.360301642,1221,29,Yes,No,Ice-Cored,Yes,Medium
GLO532,31.23492445,79.03452959,5151,4.225051075,31,-4.293594852,817,25,No,No,Ice-Cored,Yes,Low
GLO533,31.58996793,80.24731252,5116,4.040174302,38,-6.51941585,896,21,Yes,No,Ice-Cored,Yes,Very High
GLO534,29.77514002,79.81953648,4918,4.082836736,43,-0.643718146,1019,39,Yes,Yes,Rock-Cored,Yes,Low
GLO535,29.28988834,78.03273732,5087,1.704099427,29,-8.148080455,1469,47,Yes,No,Ice-Cored,Yes,Low
GLO536,29.74546184,78.96753265,4758,3.754988644,27,3.549204359,1370,36,No,No,Ice-Cored,No,High
GLO537,31.58077433,79.69097965,5059,2.16881218,28,4.800033857,1417,47,No,No,Rock-Cored,No,Medium
GLO538,29.31862834,80.82758709,5099,1.652388612,10,-9.950041026,1509,31,Yes,Yes,Ice-Cored,No,Medium
GLO539,30.10537233,79.8515906,4963,4.1671828,12,0.770335457,1253,42,No,No,Rock-Cored,Yes,Medium
GLO540,31.81156464,78.78371788,5135,1.165738349,26,-0.432589135,902,37,No,Yes,Rock-Cored,Yes,Low
GLO541,29.84863659,80.42353282,5176,3.330073666,26,0.846016303,855,29,No,No,Rock-Cored,Yes,Very High
GLO542,29.64489387,79.43541221,5076,1.258400094,20,-6.758436791,1519,49,Yes,No,Ice-Cored,Yes,Medium
GLO543,31.79083463,79.9290235,4948,3.549346279,37,-9.302545865,959,41,Yes,No,Rock-Cored,No,Very High
GLO544,31.97113369,80.59312458,5094,4.689087507,12,3.672309884,1194,35,No,Yes,Rock-Cored,Yes,Medium
GLO545,31.08798325,79.70048286,5108,1.711554638,41,1.777450344,1429,42,No,Yes,Ice-Cored,Yes,Very High
GLO546,29.21397532,79.26496,4730,1.531888765,43,-3.548467993,1046,30,No,No,Ice-Cored,No,High
GLO547,31.30944871,78.896568,5044,3.414127575,47,4.229055028,1228,47,Yes,Yes,Ice-Cored,Yes,Very High
GLO548,31.66752986,78.95281109,5197,0.557829303,28,4.938531617,1545,49,Yes,No,Ice-Cored,No,High
GLO549,29.87763799,80.48145514,5164,4.938651703,29,-1.043186433,828,37,Yes,Yes,Ice-Cored,No,High
GLO550,29.05738581,78.40683575,4826,3.452302293,31,-9.399203299,805,43,Yes,No,Ice-Cored,No,Very High
GLO551,29.48340126,79.34968869,4736,0.787704926,18,-5.835056567,1415,21,Yes,Yes,Rock-Cored,Yes,High
GLO552,31.0230637,79.19419023,4951,2.686457616,26,-5.946530371,993,42,No,No,Ice-Cored,Yes,Medium
GLO553,31.60672318,79.75347867,4798,3.452374002,37,-2.340395936,1368,29,No,No,Ice-Cored,Yes,Very High
GLO554,31.4746768,79.83431669,5036,0.858470052,12,-3.379860892,910,23,No,Yes,Rock-Cored,No,Very High
GLO555,31.68072768,78.97901131,5025,2.845205758,18,2.062731681,1492,46,No,Yes,Rock-Cored,No,Very High
GLO556,29.53721805,78.22624696,5125,3.489885617,34,-1.845637263,1102,38,No,Yes,Ice-Cored,No,High
GLO557,30.64271232,80.6105244,4807,1.021509914,35,4.694526237,974,42,Yes,No,Rock-Cored,Yes,Medium
GLO558,30.97423532,79.05368789,4721,4.124211667,30,2.357304138,1183,22,No,Yes,Ice-Cored,Yes,High
GLO559,29.77540658,78.14854169,4773,1.608912111,29,4.30612975,863,41,No,No,Ice-Cored,Yes,Low
GLO560,31.811482,80.14941791,4739,3.294719917,18,-7.577341029,1201,40,Yes,No,Ice-Cored,Yes,Very High
GLO561,29.81078902,80.12403401,5025,2.354327098,32,-8.683507908,1483,44,No,Yes,Ice-Cored,Yes,Very High
GLO562,31.30397323,78.15432593,5091,1.444977422,29,-6.030323998,1461,22,Yes,Yes,Ice-Cored,Yes,Low
GLO563,30.23997492,79.12066654,4890,4.216732579,32,-0.976428097,1401,49,No,Yes,Ice-Cored,Yes,Very High
GLO564,31.75584939,80.04841379,4977,0.897022009,43,-0.339298291,1096,47,No,No,Rock-Cored,No,Very High
GLO565,30.19070675,80.93497067,4907,0.511322793,32,3.833679113,1099,32,Yes,Yes,Ice-Cored,No,High
GLO566,30.61721451,80.5711771,5112,1.773840965,11,-0.709926482,1112,36,Yes,No,Ice-Cored,No,High
GLO567,29.54763334,80.62107405,5105,4.693518502,10,-4.859703447,1174,35,No,No,Rock-Cored,Yes,High
GLO568,30.00635413,80.24446829,4836,1.080469942,41,0.16048307,875,20,Yes,Yes,Rock-Cored,No,High
GLO569,29.66313263,80.75753087,5098,2.229542326,46,0.882576757,1440,42,Yes,Yes,Rock-Cored,Yes,Medium
GLO570,31.17177795,80.78759586,5154,1.123083696,12,3.885870834,961,34,No,Yes,Ice-Cored,No,Very High
GLO571,29.83674244,79.86068931,5178,0.68672616,36,-3.433420367,1383,21,Yes,Yes,Rock-Cored,Yes,High
GLO572,30.73230948,80.17333829,5119,1.879220982,18,-7.131384227,1363,38,No,No,Ice-Cored,Yes,Medium
GLO573,31.43115419,78.46687366,5186,3.286254008,30,-8.220672505,1172,40,Yes,Yes,Ice-Cored,No,Medium
GLO574,29.85281647,79.49628759,4969,3.051207654,44,-3.344026386,1354,27,No,No,Ice-Cored,No,Very High
GLO575,29.05837221,80.81226312,4799,1.569545717,27,-9.527350603,1119,27,Yes,Yes,Ice-Cored,No,Medium
GLO576,30.93107665,79.15457338,5025,3.447002129,33,-2.515522099,1467,27,No,Yes,Ice-Cored,No,Medium
GLO577,31.78571663,79.11007175,4879,1.840521102,34,-3.453212428,1432,25,No,Yes,Rock-Cored,Yes,Medium
GLO578,29.24207206,79.27067355,4940,1.027862608,46,-1.471842177,1057,41,No,No,Rock-Cored,Yes,Low
GLO579,31.84472941,79.30672002,5101,4.017062105,27,-4.548029257,1280,33,Yes,Yes,Ice-Cored,No,Medium
GLO580,30.33213294,79.04209603,5064,0.894850202,15,-6.553730134,1016,35,No,No,Rock-Cored,Yes,Very High
GLO581,30.07831066,79.98077307,4843,1.10208184,14,0.626929061,907,36,No,No,Ice-Cored,No,Medium
GLO582,29.34207456,80.7294886,4714,4.438752597,40,-5.093974404,1233,41,No,No,Ice-Cored,No,Medium
GLO583,31.83093149,78.17290068,4971,2.876706841,18,-2.081551643,1282,43,Yes,No,Rock-Cored,No,Very High
GLO584,30.85927286,80.20570505,4795,2.639065835,22,-2.374745461,1238,43,Yes,No,Rock-Cored,Yes,High
GLO585,30.19963411,80.50213367,4837,1.82723528,10,-3.068831457,1160,25,No,No,Ice-Cored,Yes,Medium
GLO586,30.62096803,80.33491161,5130,4.651177169,33,-9.664451043,1358,46,No,Yes,Ice-Cored,Yes,Medium
GLO587,31.84465234,80.75418753,4738,4.225822497,36,-3.823956868,1156,25,Yes,No,Ice-Cored,Yes,Low
GLO588,31.18973093,79.32160695,4902,1.424967617,12,-6.790685607,1484,41,No,Yes,Ice-Cored,Yes,Low
GLO589,29.26912138,78.90815501,4817,0.679097273,21,-1.002241693,1260,32,No,Yes,Ice-Cored,No,Medium
GLO590,31.00417257,80.88316474,4965,4.939019769,23,4.283246085,1420,44,Yes,Yes,Ice-Cored,No,High
GLO591,29.61412851,80.78638244,4897,3.799760015,41,-0.509480978,1170,24,Yes,Yes,Ice-Cored,Yes,Medium
GLO592,31.44298704,79.80478026,5182,4.002005079,39,-0.756239896,1458,39,Yes,Yes,Rock-Cored,No,Low
GLO593,30.4900275,79.0232442,4933,2.702417349,42,-0.438263459,1286,47,Yes,No,Rock-Cored,Yes,Low
GLO594,29.46108603,78.23810531,4878,4.805141338,28,-0.339245592,1441,28,No,No,Rock-Cored,Yes,Low
GLO595,31.73995948,79.82469433,4980,4.528677686,36,4.240167927,1263,27,No,No,Rock-Cored,Yes,High
GLO596,31.44488645,80.11679189,5182,3.118940163,20,-9.024305992,839,44,No,Yes,Ice-Cored,Yes,Low
GLO597,30.84343215,78.69000848,5047,3.192884528,17,-2.360546585,1040,35,No,No,Rock-Cored,No,Low
GLO598,30.54981191,80.85779247,5001,3.800975378,43,1.478199838,1284,41,Yes,Yes,Rock-Cored,Yes,High
GLO599,30.16768013,79.41955635,4788,3.439945201,44,1.641637441,918,35,No,Yes,Rock-Cored,No,Low
GLO600,29.48035747,80.40392691,4806,2.855113747,46,-7.589772604,813,26,No,Yes,Ice-Cored,Yes,Low
GLO601,29.2425703,79.94957607,4990,3.104752552,35,3.970821276,837,26,No,No,Rock-Cored,Yes,High
GLO602,30.00432214,78.55928931,5010,0.609308316,12,-8.713105601,1422,28,No,No,Rock-Cored,No,High
GLO603,31.94099772,79.56787139,5162,3.014884126,44,-7.853432313,1516,24,No,Yes,Ice-Cored,Yes,Medium
GLO604,31.43052922,80.4854172,5120,4.455608477,23,-0.134446639,921,28,No,Yes,Ice-Cored,No,Medium
GLO605,31.84747582,78.68668441,4903,1.67380168,26,1.076963974,933,26,No,Yes,Ice-Cored,No,High
GLO606,31.57232135,78.6455916,5109,3.164047457,48,3.548704557,1572,29,Yes,Yes,Rock-Cored,Yes,Very High
GLO607,29.61212558,79.29825174,5043,0.714598052,31,4.699733781,1516,45,Yes,Yes,Ice-Cored,Yes,Medium
GLO608,29.2662963,79.90352697,5037,2.698784747,15,-8.15629464,1378,43,No,Yes,Rock-Cored,Yes,Low
GLO609,29.06841251,80.52075351,4895,1.720836126,11,2.571219901,893,36,Yes,No,Rock-Cored,Yes,Low
GLO610,31.77217708,80.34609157,4964,2.618884897,45,1.313228771,1077,38,No,Yes,Rock-Cored,No,High
GLO611,30.47487716,78.91349326,4941,3.400744049,46,-6.505597636,968,29,No,No,Ice-Cored,Yes,Medium
GLO612,30.57082339,79.32769855,5179,4.126035175,42,0.016173396,850,21,No,Yes,Ice-Cored,No,Medium
GLO613,30.07670224,78.19929442,4836,4.062500964,30,-8.481810181,1379,28,No,No,Rock-Cored,No,Low
GLO614,30.3717005,79.2937055,4866,3.62481596,49,-6.474224981,953,31,Yes,Yes,Ice-Cored,No,Low
GLO615,29.94594647,80.97651798,5037,2.728744258,44,2.16070247,1097,24,No,Yes,Ice-Cored,Yes,Medium
GLO616,29.48847424,78.77458319,4874,3.59331671,48,-5.627917376,1539,49,Yes,Yes,Rock-Cored,No,Low
GLO617,30.15235074,78.89973986,5198,1.130514713,17,-4.562866858,1598,21,No,Yes,Ice-Cored,No,High
GLO618,29.83850976,79.98626539,5005,2.415045782,30,-6.307945858,1038,23,Yes,Yes,Rock-Cored,No,Medium
GLO619,30.60544178,80.81401072,4924,3.529009158,11,-1.836060068,840,35,No,No,Ice-Cored,Yes,Medium
GLO620,29.55751689,79.77767187,5052,2.20595407,42,-6.221118167,1327,38,Yes,Yes,Ice-Cored,Yes,Medium
GLO621,29.40893224,79.94409361,4756,3.560397544,49,-3.402896296,986,42,No,Yes,Ice-Cored,No,High
GLO622,30.00282091,79.33301679,4980,4.803072811,42,-7.016571031,957,22,No,Yes,Ice-Cored,No,Very High
GLO623,30.93684282,79.85471774,4899,1.560579407,25,-0.111646972,1321,22,Yes,No,Rock-Cored,No,Very High
GLO624,30.16653424,78.78716523,4976,3.215655031,48,-0.774064506,1227,25,Yes,Yes,Rock-Cored,Yes,Medium
GLO625,31.18727887,80.04390431,4874,1.484274008,17,3.494706467,1118,23,Yes,Yes,Rock-Cored,Yes,Medium
GLO626,30.58987928,79.11776109,4730,3.625183805,49,3.127461881,923,40,No,Yes,Rock-Cored,No,Medium
GLO627,30.30529955,80.55297283,4950,1.567461476,24,-8.001404648,1245,20,Yes,No,Ice-Cored,No,Low
GLO628,30.60574351,80.17803144,5155,4.662675235,32,-1.082803576,897,38,Yes,No,Rock-Cored,Yes,High
GLO629,31.84482998,79.49015525,5082,2.484880171,18,-8.270565341,859,47,No,No,Rock-Cored,Yes,Very High
GLO630,31.86094791,79.13602276,4948,0.712350862,46,1.639564018,1080,29,Yes,No,Rock-Cored,No,Low
GLO631,31.8708388,78.34156552,4784,1.035780185,44,-9.656293129,1496,28,Yes,No,Rock-Cored,Yes,High
GLO632,30.46599183,80.70073151,4740,4.324018408,31,-7.479992217,1275,37,Yes,No,Rock-Cored,No,Medium
GLO633,31.30524456,79.78614273,4736,2.472712158,44,-1.973998582,887,23,Yes,No,Ice-Cored,No,High
GLO634,30.65767247,78.71029555,4832,3.136333849,28,3.710493657,1007,30,No,Yes,Rock-Cored,Yes,High
GLO635,31.3453523,80.15424605,5157,0.756498067,25,0.012425948,1349,33,Yes,No,Rock-Cored,Yes,Very High
GLO636,30.64576045,78.6342228,4892,3.556614083,14,-4.726246025,1148,40,No,Yes,Rock-Cored,No,Medium
GLO637,31.4077935,80.51303225,4844,3.437250317,28,3.912828636,1476,37,Yes,Yes,Rock-Cored,Yes,Very High
GLO638,29.54475698,79.63574552,4988,1.128428923,30,0.535685873,835,31,No,Yes,Ice-Cored,Yes,High
GLO639,30.70226405,78.41316303,4903,2.06251506,12,-9.843157239,1284,37,Yes,Yes,Ice-Cored,Yes,Low
GLO640,30.75187213,80.91209948,5110,4.361976518,15,1.742153813,1377,28,No,No,Rock-Cored,Yes,Medium
GLO641,31.91543352,80.89201328,5008,1.278345947,31,3.693827867,1498,28,No,No,Rock-Cored,No,Low
GLO642,30.07093807,78.79241936,5194,0.977431303,41,-9.354030275,1376,24,Yes,Yes,Rock-Cored,Yes,Low
GLO643,31.343135,80.82509375,4923,2.441751461,22,-7.400593429,1195,26,No,No,Ice-Cored,Yes,High
GLO644,30.62045786,80.80937219,4799,1.598565691,32,-9.882314452,1518,31,No,No,Rock-Cored,No,Very High
GLO645,29.20589907,79.8559812,4993,4.611136943,39,1.303195212,1497,20,Yes,No,Ice-Cored,No,Medium
GLO646,29.68326449,78.61716379,5158,1.786813992,42,4.859248961,1305,43,No,Yes,Ice-Cored,No,High
GLO647,30.41126292,79.84076709,4731,1.470348843,29,0.005409344,1471,47,Yes,Yes,Ice-Cored,Yes,Medium
GLO648,29.91499183,79.12713555,4715,4.927402206,45,2.399322897,1188,47,No,Yes,Rock-Cored,No,Low
GLO649,31.47550981,79.21659372,5007,2.608764579,41,4.537966206,922,24,Yes,Yes,Rock-Cored,No,High
GLO650,29.56310296,80.25744496,4735,0.532432177,11,-6.90227844,1174,49,Yes,No,Ice-Cored,No,High
GLO651,30.11781036,78.06642186,4843,2.155973644,31,-7.259749781,1253,23,Yes,Yes,Rock-Cored,Yes,Medium
GLO652,29.06496205,78.88235425,4899,1.712714715,41,-4.734062938,1179,41,No,No,Ice-Cored,No,Medium
GLO653,30.58774722,78.63913262,4889,2.21340358,40,-4.024758925,1286,45,Yes,Yes,Rock-Cored,No,High
GLO654,30.50254998,80.90666292,4929,1.067006121,14,2.065081818,1464,27,Yes,No,Ice-Cored,No,Medium
GLO655,30.58686545,80.5556974,4842,3.900555579,31,-6.910708091,1263,37,No,No,Rock-Cored,No,Medium
GLO656,29.97314666,79.81682114,5028,1.546392244,37,-4.401777904,1539,29,Yes,Yes,Ice-Cored,Yes,High
GLO657,31.93490671,79.25010738,4898,3.449680362,28,-5.134477667,1536,24,No,Yes,Ice-Cored,Yes,Very High
GLO658,31.35016824,80.29315034,4934,1.897142168,17,0.531831157,890,30,No,No,Rock-Cored,No,Low
GLO659,31.66939404,79.9786663,5118,4.005302452,34,-4.129760153,1148,49,No,Yes,Rock-Cored,Yes,High
GLO660,29.83492627,79.79909383,5106,4.321487941,29,-4.529283948,1097,26,Yes,Yes,Rock-Cored,No,Low
GLO661,31.75724587,80.64395574,5196,4.842935958,26,-8.819871843,807,46,No,No,Rock-Cored,No,High
GLO662,29.81793453,78.53976337,5005,4.960683883,25,-4.855869266,911,45,Yes,Yes,Rock-Cored,No,Low
GLO663,31.40167163,80.220920949999993,4922,2.97789691,33,-0.44862987,956,46,No,Yes,Rock-Cored,No,High
GLO664,31.63736983,79.1161693,4713,0.501139052,48,-7.311276351,1324,22,No,Yes,Rock-Cored,No,Medium
GLO665,30.73642269,79.53122491,5027,1.711221103,33,-2.808553251,1420,29,No,No,Rock-Cored,No,Very High
GLO666,29.46913549,80.42957478,4957,2.701416156,20,1.400895281,1375,37,No,No,Rock-Cored,No,Low
GLO667,30.98479853,80.93988206,4751,2.640838076,25,-1.214349226,1141,34,No,Yes,Ice-Cored,No,Very High
GLO668,29.41524643,80.8612332,5124,4.047442202,20,4.699636509,1146,46,Yes,Yes,Rock-Cored,No,High
GLO669,29.45225541,80.14279392,4931,4.046445048,21,1.122515836,806,23,Yes,No,Ice-Cored,No,High
GLO670,31.2881722,79.51617311,5040,1.159302268,19,4.466965671,1300,44,Yes,Yes,Rock-Cored,No,Low
GLO671,31.47283896,80.26811875,4724,0.876846291,24,-8.735858037,1586,23,Yes,No,Ice-Cored,No,High
GLO672,31.7057353,79.38755328,5070,1.310254873,12,-2.356030274,1354,46,No,Yes,Ice-Cored,Yes,Very High
GLO673,30.99969219,78.41461413,4709,0.511496727,37,-0.029990136,816,47,Yes,No,Ice-Cored,Yes,Low
GLO674,31.74930315,79.18790198,4750,3.571371892,36,-7.357422982,1173,37,No,No,Ice-Cored,Yes,Very High
GLO675,30.14643745,80.88960057,5007,0.686274226,49,-8.37649677,958,22,Yes,No,Rock-Cored,No,Very High
GLO676,30.0860539,78.96251601,4839,0.636888621,36,-2.45221733,1102,30,No,No,Ice-Cored,Yes,Medium
GLO677,30.35610186,80.56756082,4767,3.589205821,28,-5.38686666,1399,34,No,Yes,Rock-Cored,No,Low
GLO678,29.81531542,78.61878136,4814,0.875187601,29,-0.67102316,1453,20,No,No,Ice-Cored,Yes,Medium
GLO679,31.89019667,79.27922349,4961,4.865401652,11,0.274337248,1571,49,No,Yes,Ice-Cored,No,Low
GLO680,31.50965803,78.63990243,4956,2.028266936,44,-2.59798882,1317,33,Yes,No,Rock-Cored,No,High
GLO681,30.8411102,78.61820414,4705,2.397677502,18,-1.355339757,1544,25,Yes,No,Rock-Cored,No,Medium
GLO682,30.91096668,79.93329388,4764,2.965547622,32,-1.788452727,1064,27,Yes,No,Rock-Cored,Yes,High
GLO683,29.80894067,78.46528206,5187,1.336373023,19,-7.000432181,1296,25,No,Yes,Ice-Cored,Yes,High
GLO684,31.49697934,79.68460997,5165,4.540717409,21,4.321795669,1499,24,Yes,No,Rock-Cored,No,High
GLO685,30.88324262,80.11324715,4812,2.802970815,34,-0.804384033,1451,27,Yes,No,Rock-Cored,No,Medium
GLO686,29.10803124,78.78485093,4956,4.643367113,37,-4.999315164,1036,39,Yes,No,Ice-Cored,No,Low
GLO687,29.44585933,79.82092035,5123,2.682370236,23,-6.435940901,991,47,Yes,Yes,Ice-Cored,Yes,Low
GLO688,30.34958937,78.15279381,5110,2.869480533,35,-2.141896699,1159,25,No,No,Ice-Cored,Yes,Low
GLO689,31.6494946,78.54077253,4858,3.96852738,12,-9.85711236,1532,22,Yes,Yes,Ice-Cored,Yes,Low
GLO690,29.23182529,79.01326872,4836,3.677113252,16,-5.638622402,969,30,No,Yes,Ice-Cored,Yes,Low
GLO691,29.53423044,80.21675975,4711,4.115190061,14,2.490071445,879,34,No,Yes,Ice-Cored,Yes,Very High
GLO692,29.92271515,80.92120669,5029,3.29825151,46,3.118541043,1355,46,No,Yes,Ice-Cored,Yes,Medium
GLO693,31.8305233,80.83006198,5105,4.360515345,12,1.777848825,1198,20,Yes,Yes,Rock-Cored,Yes,Medium
GLO694,30.62112532,80.0544299,4743,4.126027742,25,-5.970164133,1302,26,Yes,Yes,Rock-Cored,Yes,High
GLO695,29.43757958,78.71896921,4950,4.19332855,36,-8.107115929,970,25,No,No,Rock-Cored,No,Medium
GLO696,31.02399968,79.12914567,4740,4.005508583,22,-6.448570079,1284,43,Yes,No,Rock-Cored,No,Medium
GLO697,31.99264211,79.45915808,4796,1.821265869,12,-3.185763655,997,44,Yes,No,Rock-Cored,Yes,Very High
GLO698,29.23014577,80.21051936,5141,3.898086598,48,-1.645754208,967,32,No,Yes,Ice-Cored,Yes,Very High
GLO699,29.15259977,78.14551232,4715,4.721867119,35,-6.609886728,1531,20,No,No,Ice-Cored,No,Very High
GLO700,29.59720189,80.9122789,5089,4.512804897,12,-1.218942787,1521,46,No,Yes,Ice-Cored,No,Medium
GLO701,31.72379806,78.78423606,5038,2.686322913,32,-8.933448101,1068,25,No,No,Rock-Cored,No,Medium
GLO702,30.8790809,78.94179805,4894,4.923774373,23,3.503707607,971,29,No,Yes,Rock-Cored,No,Medium
GLO703,31.39782592,78.88758087,4953,1.641476148,16,-1.83781926,1187,33,Yes,Yes,Rock-Cored,Yes,Very High
GLO704,31.7988653,78.41083122,5185,3.260991242,44,1.515513215,959,49,No,No,Rock-Cored,Yes,Low
GLO705,31.05814927,78.02141252,4813,1.002951695,14,-0.097916864,932,39,No,No,Ice-Cored,Yes,High
GLO706,29.82744257,79.67565955,4910,1.798824748,38,2.389626084,935,46,Yes,Yes,Rock-Cored,Yes,Medium
GLO707,30.9630108,79.11943563,4963,4.553653346,27,-6.257617681,1487,49,No,No,Rock-Cored,Yes,Low
GLO708,31.72351265,79.70754735,4831,3.538221873,47,-1.577369901,1486,40,No,Yes,Rock-Cored,No,High
GLO709,31.78489479,80.62812787,5160,0.626067058,10,-9.365640293,1278,30,Yes,No,Ice-Cored,No,Medium
GLO710,31.89927856,80.63439658,4982,0.93578652,25,-9.527054806,1565,36,No,No,Ice-Cored,No,Very High
GLO711,29.24437507,79.57327439,5152,2.806653651,22,3.015778197,1033,34,Yes,Yes,Rock-Cored,Yes,Very High
GLO712,30.84226588,78.25938359,4750,3.56214308,46,-9.772175318,1401,29,No,No,Ice-Cored,Yes,High
GLO713,31.23259437,79.5927444,4938,3.941406983,45,2.455971185,883,47,No,Yes,Ice-Cored,No,Very High
GLO714,30.72981995,78.65788328,5150,4.022626924,39,-2.213550482,1537,49,No,No,Ice-Cored,No,High
GLO715,29.37167484,79.89196558,5038,3.270441587,26,-3.036942923,1599,22,Yes,No,Rock-Cored,Yes,High
GLO716,31.68094307,78.70948372,4829,1.940275771,31,2.728069292,1032,25,Yes,Yes,Ice-Cored,No,Very High
GLO717,31.63752059,79.84715375,4831,2.327388596,26,-3.835919838,1101,43,No,No,Ice-Cored,Yes,Low
GLO718,30.41542526,80.38148,4839,2.144447984,45,4.353638999,1278,26,No,No,Rock-Cored,No,Medium
GLO719,30.27190147,78.02360339,4986,2.188011645,17,-2.734046243,897,30,No,No,Rock-Cored,Yes,Low
GLO720,30.55927616,80.43471238,4977,1.794403972,47,-2.270894387,1402,45,Yes,Yes,Ice-Cored,No,Low
GLO721,30.99544041,79.22825489,4905,3.546059757,10,-2.667488928,1272,36,Yes,Yes,Ice-Cored,No,High
GLO722,29.09048188,79.79525442,5096,3.48825999,19,4.661419249,830,28,No,No,Rock-Cored,Yes,Low
GLO723,30.50544121,78.83346428,4728,3.67783414,23,-0.859457501,873,29,No,Yes,Ice-Cored,Yes,Very High
GLO724,29.34446977,80.70112186,4916,2.046409615,43,4.433789628,1093,29,No,No,Ice-Cored,Yes,Very High
GLO725,30.41209723,78.47859498,4853,0.782615992,47,-8.778340685,864,45,Yes,Yes,Rock-Cored,No,Very High
GLO726,31.45174564,80.20587175,4743,1.39726258,34,-9.89990567,1449,49,Yes,Yes,Ice-Cored,Yes,Very High
GLO727,30.94288363,80.52318478,4968,1.311945672,43,-7.939360811,1411,22,Yes,No,Rock-Cored,Yes,Very High
GLO728,29.25152955,79.75987674,4891,0.59654234,38,-7.414044672,948,49,Yes,No,Rock-Cored,Yes,Low
GLO729,29.52529498,79.70746444,4702,1.032746788,33,-8.393287242,957,35,Yes,Yes,Ice-Cored,No,Low
GLO730,30.68499694,80.00689126,5188,1.83016995,28,-0.149805824,1554,29,No,Yes,Ice-Cored,No,Medium
GLO731,29.07286909,79.75424113,4711,1.758442513,30,1.649605698,857,20,No,Yes,Ice-Cored,Yes,Low
GLO732,30.71737558,79.36159021,5130,1.48478344,15,-2.9258776970000002,1493,21,Yes,Yes,Rock-Cored,Yes,Very High
GLO733,29.21120923,79.48977367,5036,3.884318795,41,2.697064362,1118,28,No,Yes,Ice-Cored,No,Low
GLO734,29.10987942,80.9472724,5046,2.733446853,26,-3.063598767,1288,35,Yes,Yes,Rock-Cored,Yes,Medium
GLO735,30.18116465,78.44216035,4963,4.022187076,11,3.406200039,1244,41,Yes,Yes,Ice-Cored,No,Low
GLO736,31.21268421,80.21453323,5156,2.744634509,37,2.803467396,1168,20,Yes,Yes,Rock-Cored,Yes,Medium
GLO737,30.1578227,78.03620474,4944,4.472555272,46,4.648730891,1341,40,No,No,Ice-Cored,No,Medium
GLO738,30.07654573,78.3743335,4983,1.930048886,46,-3.41791729,1264,39,Yes,No,Ice-Cored,No,Low
GLO739,30.87472706,79.70561472,4880,2.387195044,46,-7.006290491,1350,41,Yes,Yes,Ice-Cored,No,Very High
GLO740,31.87518094,79.58113359,5046,3.044941598,43,-5.456491219,1313,38,No,No,Rock-Cored,Yes,Medium
GLO741,31.47557329,79.89145973,5065,4.203150547,46,2.773676636,1289,38,Yes,Yes,Ice-Cored,Yes,Low
GLO742,31.55263041,79.90367723,5123,0.594446238,10,0.369617837,1425,38,Yes,Yes,Rock-Cored,Yes,Low
GLO743,31.89682183,80.20994424,4770,0.53481948,13,-7.557999188,1456,37,No,Yes,Ice-Cored,Yes,High
GLO744,29.08196369,78.71987423,5104,4.369113675,23,-5.804174904,815,37,Yes,Yes,Ice-Cored,Yes,Low
GLO745,30.23676374,80.91341479,4700,1.72644665,19,-3.565679802,1059,35,No,No,Ice-Cored,No,High
GLO746,30.01016248,79.49447168,4945,1.787155211,25,-5.408641531,856,46,Yes,No,Rock-Cored,No,Low
GLO747,29.2513609,80.34499185,5073,2.636186992,16,-3.778043815,997,27,Yes,Yes,Ice-Cored,Yes,High
GLO748,29.60366823,80.84868453,5019,0.83345048,22,-8.367016155,1461,29,No,Yes,Rock-Cored,No,Very High
GLO749,31.71700647,79.83292211,4905,1.874945225,18,-4.212028307,895,26,No,Yes,Rock-Cored,No,High
GLO750,31.07782311,79.10916145,5049,3.592985646,33,-7.116951795,1410,41,No,Yes,Ice-Cored,No,Medium
GLO751,29.89650431,78.09779654,4801,4.221670267,25,-0.219942898,1204,26,Yes,No,Ice-Cored,No,High
GLO752,29.39655366,78.91920446,5137,3.780656894,30,-3.006563356,1366,27,No,No,Ice-Cored,Yes,High
GLO753,30.93124202,79.54239431,4759,2.365843626,46,-3.290283416,1581,40,Yes,Yes,Ice-Cored,Yes,Very High
GLO754,31.62390439,79.86739312,5041,0.579739702,40,2.362553339,1374,44,Yes,No,Ice-Cored,No,Medium
GLO755,30.04709607,79.07305643,5057,0.515470548,37,-1.305015346,882,22,Yes,No,Rock-Cored,No,Medium
GLO756,30.83513257,80.09913576,5078,0.81118547,26,4.67267735,1215,21,No,Yes,Rock-Cored,Yes,Medium
GLO757,30.65818656,78.47294594,5158,3.83899869,24,-1.307126218,865,41,No,No,Rock-Cored,Yes,High
GLO758,29.07411496,80.10970699,5164,3.787809659,40,3.347881969,1075,38,No,Yes,Ice-Cored,Yes,Very High
GLO759,31.36053358,80.46040969,5160,3.760796461,34,4.843858508,1287,47,No,Yes,Rock-Cored,No,Medium
GLO760,31.9138524,78.50570801,4894,2.508658496,12,-5.500896528,1307,41,No,No,Rock-Cored,Yes,Very High
GLO761,29.76835301,80.52315288,4885,0.698215051,16,-2.687513019,842,21,Yes,Yes,Ice-Cored,No,Very High
GLO762,30.65312987,78.17399626,4878,2.356896721,48,-5.942611328,1367,32,Yes,No,Rock-Cored,Yes,Medium
GLO763,31.3947106,79.4572656,4832,3.113867303,28,4.130345155,1417,41,No,No,Rock-Cored,No,High
GLO764,31.40426402,78.02467127,4966,0.63442862,44,4.063150902,1505,40,No,Yes,Ice-Cored,No,Very High
GLO765,30.0406464,79.7311835,4824,3.239073137,49,-2.265843701,1065,20,No,No,Rock-Cored,No,Low
GLO766,29.50301482,78.67118346,4854,4.307910583,15,2.756570222,1550,24,No,No,Rock-Cored,Yes,High
GLO767,29.36710498,79.01091252,4948,3.533459274,33,-1.989853873,908,21,Yes,No,Rock-Cored,No,Low
GLO768,30.65357805,78.67089529,5191,1.74041411,38,-8.203373805,854,20,Yes,No,Ice-Cored,Yes,Medium
GLO769,31.94663582,79.58372887,5071,2.001847034,46,0.660511285,1248,35,Yes,No,Ice-Cored,No,Low
GLO770,29.54456752,80.24671004,5143,4.956182001,20,-3.353306188,1467,38,Yes,No,Rock-Cored,Yes,High
GLO771,30.3966162,80.50339508,5183,3.809090054,38,2.216082347,1074,32,Yes,Yes,Ice-Cored,Yes,Very High
GLO772,30.3424919,80.6693674,4919,4.633404035,36,4.71148889,1351,49,Yes,No,Ice-Cored,No,Medium
GLO773,31.74586384,79.12191969,4756,4.159147851,26,-3.136035343,1117,23,Yes,No,Rock-Cored,Yes,Low
GLO774,31.40763645,80.88301495,4832,2.759739777,36,1.638661063,800,31,Yes,Yes,Ice-Cored,No,Medium
GLO775,29.25113991,78.83646586,4971,2.61521298,30,4.387843638,1584,36,No,Yes,Ice-Cored,No,Medium
GLO776,30.4268129,78.02821763,5041,3.500698748,31,-3.891263742,990,48,No,No,Ice-Cored,Yes,High
GLO777,31.28077808,79.11630537,5091,2.148024776,36,-2.082653788,984,20,No,No,Rock-Cored,No,Medium
GLO778,31.46369377,79.91322279,5033,2.845658106,31,-4.130476257,1526,36,Yes,No,Ice-Cored,No,High
GLO779,31.62664407,79.45696995,5056,1.112836657,32,4.453426531,1010,29,Yes,Yes,Ice-Cored,No,Very High
GLO780,29.90322808,80.6063699,5110,0.749311052,35,-4.381310251,1093,49,Yes,Yes,Ice-Cored,Yes,Very High
GLO781,29.82746138,79.08096083,4854,1.294736771,27,2.479780436,1027,49,No,No,Rock-Cored,Yes,Low
GLO782,31.81681971,79.12607104,5146,4.744388922,17,4.068816155,1589,33,Yes,No,Rock-Cored,Yes,Low
GLO783,29.96187325,78.07558963,4757,4.897009296,33,-7.92329907,941,42,No,Yes,Ice-Cored,Yes,High
GLO784,30.52989924,80.04073086,4837,4.875407289,41,0.020092564,1466,45,Yes,No,Ice-Cored,Yes,Medium
GLO785,31.14423029,78.17405706,4899,2.926902004,48,-7.353623084,1111,47,Yes,No,Rock-Cored,Yes,Medium
GLO786,30.46569226,80.18259717,4799,2.796152423,22,-1.159493666,1524,46,No,Yes,Rock-Cored,Yes,Low
GLO787,30.2785751,79.03140447,5101,3.248010696,48,2.053306425,1470,36,Yes,No,Rock-Cored,No,Medium
GLO788,31.52209647,80.3507616,5025,1.238905295,24,-7.125095462,1388,49,Yes,Yes,Ice-Cored,No,High
GLO789,29.07864739,78.71742001,4721,2.528337361,41,-5.001411809,1145,30,No,Yes,Ice-Cored,No,High
GLO790,29.267077660000002,78.05707847,4874,1.047329342,40,-2.81547199,1227,20,Yes,Yes,Ice-Cored,No,High
GLO791,31.92073352,79.61804432,4728,0.742239282,18,1.988327922,1593,26,Yes,Yes,Rock-Cored,Yes,Medium
GLO792,30.41184286,78.46796816,4995,4.816743837,45,-5.137812544,1354,36,Yes,No,Rock-Cored,No,Medium
GLO793,29.43414165,78.15595908,4722,4.326639416,10,-7.07008208,1162,37,No,No,Ice-Cored,Yes,Very High
GLO794,29.72669107,80.26691522,4985,3.116597882,14,-4.806606063,1324,42,Yes,No,Ice-Cored,Yes,Medium
GLO795,29.12118297,80.83066502,5159,3.665329892,13,1.955813756,1316,23,No,Yes,Ice-Cored,No,Medium
GLO796,31.51657506,79.59176313,4991,3.445049613,40,-3.769857565,895,21,Yes,Yes,Ice-Cored,No,High
GLO797,31.72705971,80.15965788,5010,3.043903544,18,0.220707205,1124,37,Yes,No,Ice-Cored,Yes,Medium
GLO798,30.76761045,78.23143292,5062,2.536987301,33,-3.817468214,1314,21,Yes,No,Ice-Cored,No,High
GLO799,30.38069472,80.52193036,4742,1.154442564,11,-3.383736942,996,37,Yes,Yes,Ice-Cored,No,High
GLO800,30.14104076,80.23840756,4948,4.091757978,37,1.074258052,1305,36,Yes,Yes,Ice-Cored,Yes,High
GLO801,29.82715007,80.69539099,4896,1.774792926,36,4.161584006,904,48,Yes,No,Ice-Cored,Yes,Very High
GLO802,30.87366663,79.83555468,4712,3.525119931,28,1.821379827,1215,36,No,Yes,Ice-Cored,No,Very High
GLO803,30.20294402,79.11520838,5138,4.018235232,25,-6.246521942,1069,27,Yes,No,Ice-Cored,No,Low
GLO804,29.66897092,78.32498864,4793,0.842545146,23,-0.090021372,1443,40,Yes,Yes,Ice-Cored,Yes,High
GLO805,29.43281225,79.63241318,4990,3.933801626,18,-4.546153671,1594,30,Yes,No,Ice-Cored,Yes,High
GLO806,31.16678053,80.24433611,4714,3.529090851,39,-1.834209833,1293,40,No,Yes,Rock-Cored,No,Low
GLO807,31.21061385,78.41368024,4877,4.725970771,15,4.84528207,1337,24,No,Yes,Ice-Cored,Yes,High
GLO808,30.03129941,78.5426863,4877,1.325602028,25,2.02434822,1053,40,Yes,Yes,Ice-Cored,No,Very High
GLO809,30.27562298,80.0572756,4779,4.617719754,22,-5.266487737,1012,31,Yes,No,Ice-Cored,Yes,Medium
GLO810,29.42764055,78.1212449,4997,1.495098743,34,-4.495442169,1254,32,No,Yes,Rock-Cored,No,Low
GLO811,29.15730124,80.04195611,4797,0.555673587,48,-0.415495372,952,33,Yes,No,Rock-Cored,Yes,High
GLO812,29.00597661,79.98679069,4758,0.568927074,25,-3.339434474,842,36,Yes,Yes,Ice-Cored,No,Medium
GLO813,31.04913306,79.786526,4808,4.85191349,17,-9.258077976,1338,38,Yes,No,Ice-Cored,Yes,Medium
GLO814,30.9833611,80.63436076,4753,2.364898411,19,-0.488743747,991,40,Yes,Yes,Ice-Cored,Yes,Very High
GLO815,29.80861174,80.4248772,4966,3.468425087,45,-8.703262584,1103,48,No,No,Rock-Cored,Yes,Medium
GLO816,30.24866858,78.6575899,4886,1.344067724,15,-9.987096783,1460,38,Yes,No,Ice-Cored,Yes,High
GLO817,31.47232334,78.51179779,4731,1.030356329,46,-7.889751825,1450,38,Yes,Yes,Rock-Cored,Yes,Medium
GLO818,29.08192507,79.0255324,4771,3.229050126,18,-3.625880013,1050,23,Yes,No,Ice-Cored,Yes,Medium
GLO819,30.44081257,79.81168518,4742,1.848760481,37,-9.571919993,1585,49,Yes,Yes,Rock-Cored,No,High
GLO820,30.36934291,78.14171699,4972,4.235209198,44,-2.045929089,1188,32,No,No,Ice-Cored,Yes,Low
GLO821,29.65705174,80.60386975,5152,1.195309977,41,3.510252715,1464,41,No,No,Rock-Cored,Yes,Low
GLO822,29.12638785,80.87089606,4926,3.539198278,12,-8.569096105,1077,27,Yes,Yes,Rock-Cored,No,Very High
GLO823,30.09131778,79.36144675,5157,2.547616163,49,-7.80554269,1332,49,Yes,Yes,Rock-Cored,Yes,High
GLO824,31.31127331,78.78324862,4779,3.799319525,42,-1.432853914,1240,29,Yes,No,Rock-Cored,No,Low
GLO825,31.85878323,78.96210789,4957,3.967262663,29,-0.733307235,1364,20,No,Yes,Rock-Cored,Yes,Very High
GLO826,30.49641495,79.92913115,4952,2.302108472,21,3.991161135,1294,49,No,No,Ice-Cored,No,Low
GLO827,30.84092369,79.46866218,4778,2.260800613,29,-5.224883495,966,22,Yes,No,Rock-Cored,Yes,Low
GLO828,31.71961256,78.71375358,4960,0.519047561,20,1.540020186,1463,22,No,No,Ice-Cored,Yes,High
GLO829,30.50448528,79.68384721,5028,4.256230056,34,-9.701702536,1088,28,Yes,No,Rock-Cored,Yes,Low
GLO830,31.38610275,78.54440221,4952,4.915133278,47,-8.641659859,1161,44,No,No,Rock-Cored,No,High
GLO831,31.81285059,79.94319556,4809,1.821587655,36,1.740678255,1056,34,No,No,Ice-Cored,No,Very High
GLO832,31.26773305,80.33128939,5135,3.533507792,47,3.732156341,1476,41,No,Yes,Ice-Cored,Yes,Low
GLO833,31.9016908,78.95220378,4821,3.063319986,13,-3.687859292,1093,49,Yes,Yes,Ice-Cored,Yes,Low
GLO834,30.50363718,79.30299854,4811,2.280716783,16,0.385813554,820,49,No,Yes,Rock-Cored,No,Very High
GLO835,30.99990304,78.41676987,4807,3.657357783,47,-6.997562003,1159,21,Yes,Yes,Ice-Cored,No,Very High
GLO836,31.98140775,79.00888177,5135,2.025177604,16,4.594599159,1187,23,Yes,No,Ice-Cored,No,High
GLO837,30.41494201,78.84536685,5012,1.605950192,23,2.359650869,1357,47,Yes,Yes,Rock-Cored,Yes,Very High
GLO838,30.22253765,78.37064417,4894,2.993212913,38,-6.539723354,833,36,Yes,No,Rock-Cored,No,Medium
GLO839,29.10315193,80.2418676,5140,3.637854224,18,-3.690046801,1011,39,No,Yes,Rock-Cored,No,Very High
GLO840,31.62695092,79.2177417,4893,2.610995882,27,-3.37619423,1358,39,Yes,No,Rock-Cored,Yes,Very High
GLO841,29.99611826,78.00490268,4992,2.550034382,28,-5.126613614,1484,27,Yes,Yes,Ice-Cored,No,Medium
GLO842,31.52661194,80.07327762,4968,4.105313615,35,4.397487109,928,37,No,Yes,Rock-Cored,No,Very High
GLO843,29.85509574,79.83861511,4897,2.79120912,39,-7.429286285,1055,29,No,Yes,Rock-Cored,No,Low
GLO844,30.83281117,80.98211892,4952,1.755199405,31,0.070648778,1593,37,No,Yes,Rock-Cored,No,Low
GLO845,29.15618444,78.56114936,4925,2.366123546,29,-4.066549656,1296,35,Yes,No,Rock-Cored,No,Very High
GLO846,29.09362852,78.16329216,4915,0.757776499,13,-8.07578046,1216,48,No,No,Rock-Cored,No,Medium
GLO847,31.66642199,79.17907663,5158,2.72913353,34,-1.031091443,1563,43,No,No,Rock-Cored,Yes,Very High
GLO848,29.41382092,80.49504202,4777,2.261423753,21,2.236424255,1168,23,Yes,Yes,Ice-Cored,Yes,Very High
GLO849,29.22808047,80.50729906,4929,4.228696782,36,1.354056592,1135,37,Yes,No,Ice-Cored,Yes,Medium
GLO850,29.58885863,80.37717233,4734,3.174208942,42,-9.529004224,1031,45,Yes,Yes,Ice-Cored,Yes,Medium
GLO851,31.13098869,79.0545951,4882,1.288379962,10,2.260428333,1331,30,No,No,Ice-Cored,No,Very High
GLO852,31.2633426,80.98295205,4764,3.091938989,37,2.248093425,1010,21,Yes,Yes,Rock-Cored,No,Very High
GLO853,29.75938939,80.02863619,4867,4.0197583120000004,33,-7.685258889,996,36,Yes,Yes,Rock-Cored,No,Medium
GLO854,31.21341336,79.56834111,4790,3.570369478,46,-8.958181238,946,29,No,No,Rock-Cored,Yes,Very High
GLO855,30.053634,79.11090486,4885,3.478502717,29,-3.042908534,1238,49,Yes,No,Ice-Cored,Yes,High
GLO856,29.83590325,80.64965928,4704,2.96521221,36,2.874170367,804,40,No,Yes,Ice-Cored,No,Very High
GLO857,30.92243609,79.01689613,4806,4.724782047,14,-9.703879406,1552,23,Yes,No,Ice-Cored,No,Low
GLO858,29.25232949,78.69038227,5124,2.256131292,13,-3.219416651,1181,39,No,Yes,Ice-Cored,Yes,High
GLO859,31.66394615,80.41146595,4884,4.348460798,45,1.702407008,813,23,Yes,Yes,Ice-Cored,No,Low
GLO860,30.7670863,80.88763575,5152,1.929852854,32,-6.33560757,913,24,No,Yes,Rock-Cored,Yes,Medium
GLO861,30.77672475,79.9471059,4730,3.035661774,35,4.118748694,823,23,No,Yes,Rock-Cored,Yes,Very High
GLO862,31.61145173,78.48256683,5034,1.6526401020000001,40,3.451479858,857,44,Yes,Yes,Rock-Cored,No,Medium
GLO863,31.49135235,79.15802048,5187,1.799115498,28,-5.228030334,821,33,No,No,Ice-Cored,No,Low
GLO864,29.86657229,79.89688625,5142,3.436766002,15,-5.134026828,1013,24,Yes,No,Rock-Cored,No,Low
GLO865,31.75990209,78.40264755,4889,2.540289574,47,-4.036139801,1210,21,Yes,No,Ice-Cored,No,Very High
GLO866,30.24698392,79.63789455,5185,2.038112232,45,4.901252058,1589,35,No,No,Rock-Cored,Yes,Very High
GLO867,29.4078101,78.45758634,4832,4.919846888,21,4.140256197,1085,49,Yes,No,Rock-Cored,Yes,High
GLO868,30.39342642,80.72796009,5055,2.659116419,45,2.504428269,1580,30,No,Yes,Ice-Cored,Yes,Medium
GLO869,31.67699673,78.67311299,5026,3.880699035,12,2.394860527,1200,35,No,No,Rock-Cored,Yes,Low
GLO870,30.75708054,79.81156254,4850,2.414668063,10,2.463992728,805,37,No,No,Ice-Cored,Yes,Very High
GLO871,31.05502148,79.57594271,4785,3.064668975,31,-0.965180828,1430,27,No,Yes,Ice-Cored,Yes,Very High
GLO872,29.74639239,78.78291911,4963,3.071532261,47,-4.190339904,1453,23,Yes,No,Ice-Cored,Yes,Very High
GLO873,31.30775844,80.1531204,5136,1.581321844,47,-2.037409941,913,46,No,Yes,Rock-Cored,Yes,Low
GLO874,29.94865734,78.11172911,4720,1.6839838,28,-2.435232716,1597,26,Yes,Yes,Ice-Cored,Yes,Medium
GLO875,30.10692281,80.61765884,5056,2.496329847,27,-1.014045963,1334,46,Yes,Yes,Ice-Cored,No,Medium
GLO876,31.06547031,79.39496502,4709,4.464906821,48,1.083152325,1340,22,No,No,Rock-Cored,No,Low
GLO877,30.20905624,79.97459805,4724,1.925015021,10,-1.895130385,1522,28,Yes,Yes,Ice-Cored,Yes,Low
GLO878,30.39022055,79.30362331,5116,3.241592659,25,-9.353630046,1576,33,No,Yes,Rock-Cored,No,High
GLO879,31.82044109,78.60245593,5016,4.989164451,24,-5.394934669,1222,23,No,No,Ice-Cored,Yes,Very High
GLO880,29.1936655,78.19636188,5163,1.673364803,15,4.420767311,824,28,Yes,Yes,Ice-Cored,Yes,High
GLO881,29.47592315,78.14121279,5141,1.543100239,15,-2.368508758,1254,26,Yes,Yes,Rock-Cored,No,Medium
GLO882,29.70678001,78.17214624,4947,3.469510534,37,-4.937434647,1490,36,No,No,Rock-Cored,Yes,Low
GLO883,29.57037152,80.25054378,4709,2.20609329,49,4.619947635,1179,40,No,Yes,Ice-Cored,No,Low
GLO884,31.69428518,79.31932547,4924,3.466487167,40,-5.285960269,1251,24,Yes,Yes,Rock-Cored,Yes,Medium
GLO885,30.49807994,80.02216158,4764,4.013473086,25,1.587617568,1201,40,No,No,Rock-Cored,No,High
GLO886,29.09918566,79.03350644,4703,3.987470303,13,-2.664263353,1139,37,Yes,No,Ice-Cored,Yes,High
GLO887,31.86673629,79.80846351,4737,4.955244207,13,-9.38242145,1425,35,No,No,Ice-Cored,No,High
GLO888,29.90261599,78.24512598,4796,1.972286485,37,3.053693744,1275,48,Yes,Yes,Ice-Cored,Yes,Medium
GLO889,31.46683499,80.51908711,4994,2.190194879,22,-7.860225682,917,39,No,No,Ice-Cored,No,Low
GLO890,29.88346332,78.84339733,5023,4.453147255,45,-0.816480273,1321,28,Yes,No,Ice-Cored,No,High
GLO891,30.71048875,79.84234921,4816,2.067769401,41,-1.613189622,1405,28,Yes,Yes,Rock-Cored,Yes,Very High
GLO892,29.25467826,80.6955704,4758,3.463858625,49,-0.350461118,975,39,No,Yes,Rock-Cored,No,Very High
GLO893,31.17138485,80.0407334,5122,1.592078306,35,-9.859713771,1037,38,No,Yes,Rock-Cored,No,Very High
GLO894,30.41568979,79.79459473,4913,2.621780723,16,-1.641788919,1450,30,No,No,Rock-Cored,No,Medium
GLO895,31.40369997,79.83462535,4851,4.348243551,31,-1.853325998,1519,30,No,Yes,Rock-Cored,No,Low
GLO896,30.18019463,78.15312616,4887,3.915865653,32,-5.968703574,1499,26,No,Yes,Ice-Cored,No,Medium
GLO897,31.00102644,80.37543698,5049,4.48544094,17,-7.487400182,1449,47,No,Yes,Ice-Cored,No,High
GLO898,31.88466961,79.90370671,5040,0.559433781,48,-5.383640237,1599,20,Yes,No,Ice-Cored,Yes,Very High
GLO899,30.31188996,78.21377671,4822,3.567752104,43,-9.622058277,859,49,No,Yes,Ice-Cored,Yes,Medium
GLO900,29.8514801,79.30810245,4779,2.437130017,20,-3.62123692,1168,42,Yes,Yes,Ice-Cored,No,High
GLO901,29.9751225,79.67105874,4913,4.86186238,30,-2.56425163,885,27,Yes,Yes,Ice-Cored,No,Very High
GLO902,30.70302254,79.24690969,5041,0.51204294,41,-4.763994166,1028,36,Yes,Yes,Ice-Cored,Yes,Very High
GLO903,31.65210374,79.19806537,5116,3.939671879,40,-3.19748612,1103,41,No,No,Ice-Cored,Yes,Very High
GLO904,31.11370324,80.05756251,5123,4.499564517,33,3.518231812,1474,39,Yes,Yes,Ice-Cored,Yes,Low
GLO905,30.13002245,80.25568406,4729,3.365008132,16,-6.244781538,1357,41,No,No,Rock-Cored,No,High
GLO906,30.99416016,78.41282204,4911,1.559317329,15,-6.086356733,1279,27,Yes,No,Ice-Cored,Yes,Medium
GLO907,30.57972142,79.53230449,5036,2.943147155,45,-3.691172703,1473,24,Yes,No,Rock-Cored,Yes,High
GLO908,30.77935172,78.30016501,4822,3.424177796,24,1.782004947,1446,43,No,No,Ice-Cored,Yes,Very High
GLO909,30.70611943,80.50750134,5117,3.302787332,41,-2.541849678,896,25,Yes,Yes,Ice-Cored,No,Low
GLO910,31.65974222,78.23822464,4812,4.005793745,22,0.985566553,1599,33,No,Yes,Ice-Cored,Yes,Very High
GLO911,31.38464099,80.32142855,4827,4.422527368,12,4.420110284,1545,25,Yes,No,Ice-Cored,Yes,Very High
GLO912,31.13955185,78.71124851,5163,2.387105864,37,1.244772309,1258,34,No,No,Ice-Cored,No,High
GLO913,31.00542698,80.90365662,4779,1.755293869,37,-2.634743796,828,20,Yes,No,Ice-Cored,No,Medium
GLO914,31.46923858,80.43603195,4870,1.729312231,44,0.261992948,1038,29,No,Yes,Ice-Cored,Yes,Low
GLO915,31.50890053,79.30840865,4975,1.804924156,23,4.491466048,1323,41,No,No,Rock-Cored,No,Medium
GLO916,31.19127527,78.71640688,5087,2.982065725,27,2.35718742,1313,45,Yes,Yes,Ice-Cored,Yes,High
GLO917,31.52665526,79.11231198,4993,2.243798728,42,-2.810599673,1311,40,No,Yes,Rock-Cored,Yes,High
GLO918,31.45532675,79.33202237,4936,0.795312504,46,0.249845534,1539,47,No,Yes,Rock-Cored,Yes,Low
GLO919,31.78827511,78.22037506,5198,2.342845397,37,1.987740979,1549,23,No,Yes,Ice-Cored,No,Very High
GLO920,31.1864426,79.28517515,4890,1.562098394,34,-5.931113247,1205,48,No,No,Rock-Cored,Yes,Medium
GLO921,31.80543237,80.11760971,5181,1.934502398,19,3.334496422,1535,24,Yes,No,Rock-Cored,Yes,High
GLO922,29.56336454,79.40950727,4977,3.107971978,21,-9.328717056,1351,44,Yes,Yes,Ice-Cored,Yes,Medium
GLO923,30.27884181,78.62578974,4863,2.284865295,32,-6.918585842,803,22,Yes,No,Ice-Cored,Yes,Low
GLO924,31.33705536,79.88396492,5115,3.770810932,24,1.394432778,1092,47,Yes,Yes,Rock-Cored,No,High
GLO925,29.89076184,78.49804304,5146,3.165493308,42,3.836851392,896,28,Yes,No,Rock-Cored,No,Very High
GLO926,30.42179462,78.10041723,4900,2.604438668,29,3.17857343,1566,43,Yes,Yes,Ice-Cored,No,Very High
GLO927,29.30013152,80.94718991,5093,0.96574185,19,-7.761116101,1207,21,Yes,No,Ice-Cored,Yes,High
GLO928,29.15675528,79.17145527,4719,1.764016599,27,-3.750006357,1074,26,Yes,Yes,Ice-Cored,Yes,Low
GLO929,30.01942824,78.12860497,4753,0.514425931,22,1.976955938,898,31,No,Yes,Rock-Cored,No,Low
GLO930,30.43749943,78.48276677,4872,4.694766737,16,1.268421696,983,42,No,Yes,Rock-Cored,Yes,Medium
GLO931,31.77928824,79.07631747,5116,2.699117152,14,-1.070753011,1009,25,Yes,Yes,Ice-Cored,No,Very High
GLO932,30.95499524,79.28529611,5189,4.385256676,38,0.061578814,1544,37,Yes,No,Rock-Cored,Yes,High
GLO933,31.98785392,80.99236481,4805,2.507782626,43,1.161711858,1409,35,Yes,No,Rock-Cored,No,Low
GLO934,30.89298321,78.64528022,4748,1.603417143,47,-1.735210004,903,32,Yes,No,Rock-Cored,Yes,Low
GLO935,30.07283096,78.54367314,5054,2.572347303,11,-8.91624204,840,33,No,No,Rock-Cored,Yes,Low
GLO936,30.7913557,80.00291346,4817,3.015588593,20,-8.505219516,883,48,No,No,Rock-Cored,No,Medium
GLO937,29.51867097,79.80986528,5034,4.741613666,43,-6.940125091,892,40,No,No,Rock-Cored,No,Low
GLO938,31.66679051,78.14427398,4959,3.674076573,21,-5.988307132,1507,26,No,No,Ice-Cored,No,Medium
GLO939,29.46946002,80.76381718,4890,4.071024291,46,1.611543914,1486,40,Yes,No,Ice-Cored,No,Medium
GLO940,29.14730388,78.26970888,4926,2.526178481,28,-0.29641961,821,38,No,No,Rock-Cored,No,Medium
GLO941,30.32259718,80.4642028,4822,4.882523049,25,-7.309089523,1351,37,Yes,No,Ice-Cored,Yes,Medium
GLO942,29.15290341,78.65327596,5150,2.941555656,35,-2.364801496,1378,39,Yes,No,Rock-Cored,Yes,Very High
GLO943,31.7740161,79.82078563,5075,4.487094003,21,0.518945241,1292,31,Yes,Yes,Rock-Cored,Yes,High
GLO944,29.28305514,79.34876605,5198,1.304637316,36,0.82915968,1473,35,No,No,Ice-Cored,No,Very High
GLO945,30.28391586,78.64584809,4721,2.770106478,17,-4.7777322,1445,32,Yes,No,Rock-Cored,No,Low
GLO946,29.60878219,79.41580908,4978,1.14558018,31,-4.510962371,1583,47,Yes,No,Ice-Cored,No,Medium
GLO947,29.80883441,78.81373895,4716,4.374544108,46,1.517443892,1277,41,Yes,Yes,Rock-Cored,No,Medium
GLO948,31.13876561,80.2499173,5039,3.104248142,46,-3.946107196,1311,26,No,Yes,Ice-Cored,Yes,Very High
GLO949,31.185124,79.67168142,4706,0.995468767,48,1.59983326,1005,24,No,Yes,Rock-Cored,No,Very High
GLO950,31.6679564,78.86987418,4841,4.322499001,29,-2.655067708,1543,49,No,Yes,Rock-Cored,Yes,Medium
GLO951,31.72274967,80.475773040000007,5046,3.488135093,35,-5.931670101,1302,32,Yes,Yes,Ice-Cored,No,High
GLO952,30.36758433,79.51255008,4907,2.38731314,20,-0.102711689,1386,45,No,No,Rock-Cored,No,Low
GLO953,29.69093844,78.48558895,4880,3.700174587,49,0.212112784,916,25,Yes,Yes,Ice-Cored,Yes,Medium
GLO954,30.22424564,78.08897215,5018,4.875682862,16,2.380424986,1108,29,Yes,Yes,Rock-Cored,Yes,Very High
GLO955,31.96229881,80.57742012,4765,4.106253491,24,2.363305198,860,29,No,No,Rock-Cored,No,High
GLO956,29.47821909,78.57927877,4840,1.286479453,43,3.679615059,1346,23,Yes,Yes,Rock-Cored,No,Very High
GLO957,29.15301312,80.97968095,4848,1.558099265,37,-7.085357022,1073,39,No,Yes,Ice-Cored,Yes,Low
GLO958,29.9168826,80.19600471,5168,4.383932922,30,-1.273585861,936,28,Yes,No,Rock-Cored,No,Medium
GLO959,31.32193585,78.72166982,4892,2.104139642,37,-5.261584719,1571,20,Yes,No,Ice-Cored,No,Low
GLO960,30.43448827,80.41682537,4943,3.472517725,16,-5.921324677,1136,47,Yes,Yes,Ice-Cored,No,Low
GLO961,31.16238509,79.79591013,5143,2.81680523,36,0.39943898,1112,25,Yes,No,Ice-Cored,No,Low
GLO962,31.73837639,80.62913616,5002,4.014434853,45,3.977530737,1037,29,Yes,Yes,Rock-Cored,No,Medium
GLO963,30.8170982,78.30246892,4929,3.769606857,19,-5.721979066,1097,30,No,No,Rock-Cored,No,Medium
GLO964,30.89620946,79.65179377,5165,4.315727408,25,-9.202647106,1279,21,Yes,No,Ice-Cored,Yes,Very High
GLO965,30.21257122,80.00591738,4976,3.803712848,44,-8.562681774,1440,40,No,Yes,Ice-Cored,No,High
GLO966,29.68141404,80.11293428,4829,0.517598101,48,2.934065121,826,40,Yes,No,Rock-Cored,Yes,Very High
GLO967,29.31928775,78.53075628,4784,4.009402568,47,1.182620471,1224,49,Yes,Yes,Rock-Cored,No,Very High
GLO968,29.96953217,80.53466482,4791,3.099771215,21,-7.649716139,985,24,Yes,Yes,Ice-Cored,Yes,Low
GLO969,30.36396101,78.77189555,4756,1.972340447,30,-7.532509897,1442,22,Yes,No,Ice-Cored,No,High
GLO970,30.90894805,80.63022031,4880,3.432226446,32,-6.483839837,1455,48,No,No,Rock-Cored,No,Very High
GLO971,31.53984881,79.60338832,5136,3.037618192,19,-6.494943887,1362,28,No,No,Ice-Cored,Yes,Very High
GLO972,29.05679057,80.50092579,4929,2.17896168,34,1.063954334,1414,32,Yes,Yes,Rock-Cored,Yes,Very High
GLO973,29.69955183,78.73252573,5048,2.761140349,17,-0.714405751,1256,31,Yes,Yes,Rock-Cored,No,Medium
GLO974,31.53335813,79.58487205,4941,1.698186734,18,-7.924052182,1538,25,Yes,No,Ice-Cored,Yes,Medium
GLO975,29.48515614,78.42627357,4986,4.529148715,48,1.252320023,925,44,No,Yes,Ice-Cored,No,High
GLO976,30.65812221,80.07699181,4737,4.042635973,10,-0.565541795,810,46,Yes,No,Rock-Cored,Yes,Very High
GLO977,29.76403444,80.00993733,4776,2.29166288,39,1.68938922,908,30,No,No,Rock-Cored,Yes,Low
GLO978,30.94618557,78.28624057,4860,2.903012908,44,2.107145529,1061,34,Yes,Yes,Ice-Cored,Yes,Medium
GLO979,31.49050384,80.46075353,5182,1.153156278,27,-7.198548844,1271,34,Yes,Yes,Rock-Cored,Yes,High
GLO980,29.97950237,78.2999122,4939,4.224128959,11,-1.201452702,1261,24,Yes,No,Rock-Cored,Yes,Medium
GLO981,29.76459369,80.5069675,5026,1.65139469,30,-6.992546059,1235,42,No,Yes,Ice-Cored,Yes,Low
GLO982,30.38177859,79.98833975,5182,2.420946367,26,-4.377094379,1323,34,No,No,Rock-Cored,No,Low
GLO983,31.01830493,80.15254349,4989,3.450564082,26,1.315893209,1536,32,No,Yes,Ice-Cored,No,Medium
GLO984,31.84725277,78.83404201,4778,0.805124961,36,-5.159759209,1046,33,Yes,No,Ice-Cored,No,Very High
GLO985,31.08539991,80.36972919,5154,2.420603869,20,-7.130433806,1442,46,No,Yes,Rock-Cored,Yes,Medium
GLO986,30.1705205,80.55850131,5155,0.787578415,43,-7.411561189,1466,29,No,No,Rock-Cored,No,High
GLO987,30.63683062,78.68476893,4748,1.324375898,35,4.866189895,1377,22,Yes,Yes,Rock-Cored,Yes,Medium
GLO988,29.58934054,80.51327228,4877,2.010057917,19,4.388716545,914,24,Yes,No,Rock-Cored,Yes,Very High
GLO989,31.79142011,79.89005001,4863,2.823309451,33,2.663074225,1033,26,Yes,Yes,Ice-Cored,No,High
GLO990,30.76466708,80.3483032,4986,1.285992911,18,-5.698330472,1141,43,No,Yes,Ice-Cored,Yes,Very High
GLO991,29.46502768,79.33475102,5077,3.597752328,14,-4.497038514,1398,28,Yes,Yes,Rock-Cored,Yes,High
GLO992,31.27040752,79.25426674,4897,1.08379823,49,0.698451049,892,35,No,No,Ice-Cored,No,Very High
GLO993,31.80612706,80.06863089,4981,3.881790433,21,-4.146021554,877,34,No,No,Rock-Cored,Yes,Low
GLO994,29.3636249,79.30371088,5078,4.782007754,19,3.027993825,1016,32,Yes,No,Rock-Cored,No,High
GLO995,30.99586265,78.00050561,4886,4.617786152,36,3.88623742,1389,42,No,Yes,Ice-Cored,Yes,Medium
GLO996,31.13895607,78.28325827,5123,3.123442532,22,-7.84652224,1528,21,No,Yes,Rock-Cored,No,Low
GLO997,30.62240833,80.00129448,4743,0.922645346,17,-2.013715311,906,45,Yes,Yes,Ice-Cored,No,Medium
GLO998,30.7696037,80.99979718,4788,1.264095513,33,1.985132356,1186,28,No,No,Rock-Cored,No,Medium
GLO999,31.07637271,79.94522049,4991,3.409397294,11,0.389335953,1052,22,Yes,Yes,Ice-Cored,Yes,Medium
GLO1000,30.25476676,78.64802036,4703,2.366391187,42,-2.52174537,873,22,No,Yes,Rock-Cored,Yes,Medium
